Entity,Code,Year,Government expenditure on pre-primary education as % of GDP (%)
Andorra,AND,2002,0.341630011796951
Andorra,AND,2004,0.30153998732566806
Andorra,AND,2005,0.269959986209869
Andorra,AND,2006,0.41403999924659707
Andorra,AND,2007,0.40222001075744607
Andorra,AND,2009,0.40553000569343606
Andorra,AND,2010,0.447890013456345
Andorra,AND,2011,0.456820011138916
Andorra,AND,2013,0.448260009288788
Andorra,AND,2014,0.423260003328323
Angola,AGO,2006,0.308809995651245
Antigua and Barbuda,ATG,1999,0.123889997601509
Antigua and Barbuda,ATG,2002,0.0725599974393845
Antigua and Barbuda,ATG,2009,0.0066900001838803
Argentina,ARG,1998,0.293769985437393
Argentina,ARG,1999,0.29227000474929804
Argentina,ARG,2000,0.355369985103607
Argentina,ARG,2001,0.40235000848770097
Argentina,ARG,2002,0.314619988203049
Argentina,ARG,2003,0.301829993724823
Argentina,ARG,2004,0.262010008096695
Argentina,ARG,2005,0.273589998483658
Argentina,ARG,2006,0.26251000165939303
Argentina,ARG,2007,0.293370008468628
Argentina,ARG,2008,0.34845000505447404
Argentina,ARG,2009,0.37035000324249295
Argentina,ARG,2010,0.342579990625381
Argentina,ARG,2011,0.40522000193595903
Argentina,ARG,2012,0.3988499939441679
Argentina,ARG,2013,0.43852001428604104
Armenia,ARM,2008,0.26704999804496804
Armenia,ARM,2009,0.43421000242233293
Armenia,ARM,2011,0.283060014247894
Armenia,ARM,2012,0.280919998884201
Armenia,ARM,2013,0.29030001163482694
Aruba,ABW,1998,0.198379993438721
Aruba,ABW,1999,0.235520005226135
Aruba,ABW,2000,0.333700001239777
Aruba,ABW,2001,0.26820999383926397
Aruba,ABW,2002,0.270000010728836
Aruba,ABW,2004,0.284209996461868
Aruba,ABW,2005,0.31784000992775
Australia,AUS,2000,0.0605400018393993
Australia,AUS,2005,0.0508700013160706
Australia,AUS,2006,0.0483199991285801
Australia,AUS,2007,0.0432099997997284
Australia,AUS,2008,0.043249998241663
Australia,AUS,2009,0.0572500005364418
Australia,AUS,2010,0.064970001578331
Australia,AUS,2011,0.111230000853539
Australia,AUS,2012,0.12262000143528
Australia,AUS,2013,0.14417999982833898
Austria,AUT,1998,0.48282998800277704
Austria,AUT,1999,0.448669999837875
Austria,AUT,2000,0.426990002393723
Austria,AUT,2001,0.418509989976883
Austria,AUT,2002,0.429390013217926
Austria,AUT,2003,0.40571999549865706
Austria,AUT,2004,0.388740003108978
Austria,AUT,2005,0.39096999168396
Austria,AUT,2006,0.38596001267433205
Austria,AUT,2007,0.392450004816055
Austria,AUT,2008,0.442209988832474
Austria,AUT,2009,0.529359996318817
Austria,AUT,2010,0.59127002954483
Austria,AUT,2011,0.574750006198883
Austria,AUT,2012,0.42045998573303206
Austria,AUT,2013,0.46724998950958296
Azerbaijan,AZE,1998,0.31422001123428306
Azerbaijan,AZE,1999,0.36243000626564004
Azerbaijan,AZE,2000,0.296750009059906
Azerbaijan,AZE,2001,0.28576999902725203
Azerbaijan,AZE,2002,0.255400002002716
Azerbaijan,AZE,2003,0.258799999952316
Azerbaijan,AZE,2004,0.250629991292953
Azerbaijan,AZE,2005,0.204040005803108
Azerbaijan,AZE,2006,0.17064000666141502
Azerbaijan,AZE,2007,0.162829995155334
Azerbaijan,AZE,2008,0.168099999427795
Azerbaijan,AZE,2009,0.218020007014275
Azerbaijan,AZE,2010,0.196070000529289
Azerbaijan,AZE,2011,0.16943000257015198
Barbados,BRB,1999,0.227009996771812
Barbados,BRB,2000,0.28527000546455394
Barbados,BRB,2001,0.391420006752014
Barbados,BRB,2002,0.391400009393692
Barbados,BRB,2003,0.418489992618561
Barbados,BRB,2004,0.35122999548912
Barbados,BRB,2005,0.347429990768433
Barbados,BRB,2008,0.0192200001329184
Belarus,BLR,2004,1.0353300571441701
Belarus,BLR,2005,1.01986002922058
Belarus,BLR,2006,1.00571000576019
Belarus,BLR,2007,0.974969983100891
Belarus,BLR,2009,0.9432600140571591
Belarus,BLR,2010,1.02745997905731
Belarus,BLR,2011,1.0194400548934899
Belgium,BEL,2001,0.534030020236969
Belgium,BEL,2002,0.549570024013519
Belgium,BEL,2003,0.5651199817657471
Belgium,BEL,2004,0.5591700077056879
Belgium,BEL,2005,0.552089989185333
Belgium,BEL,2006,0.5563899874687189
Belgium,BEL,2007,0.5559700131416321
Belgium,BEL,2008,0.5781800150871279
Belgium,BEL,2009,0.5855900049209589
Belgium,BEL,2010,0.607219994068146
Belgium,BEL,2011,0.6097099781036379
Belgium,BEL,2012,0.669690012931824
Belize,BLZ,1999,0.0557500012218952
Belize,BLZ,2000,0.0052399998530745
Belize,BLZ,2004,0.0293199997395277
Belize,BLZ,2005,0.0280900001525879
Belize,BLZ,2008,0.0919099971652031
Belize,BLZ,2009,0.106009997427464
Belize,BLZ,2010,0.100349999964237
Belize,BLZ,2013,0.08941999822855
Benin,BEN,2000,0.034000001847743995
Benin,BEN,2001,0.0388900004327297
Benin,BEN,2006,0.0522399991750717
Benin,BEN,2007,0.0538400001823902
Benin,BEN,2008,0.0483799986541271
Benin,BEN,2009,0.0579200014472008
Benin,BEN,2010,0.12831999361514998
Benin,BEN,2012,0.104979999363422
Benin,BEN,2013,0.11298000067472501
Benin,BEN,2014,0.18579000234603896
Bermuda,BMU,1998,0.11579000204801598
Bermuda,BMU,2004,0.135969996452332
Bermuda,BMU,2005,0.138569995760918
Bermuda,BMU,2010,0.23473000526428198
Bermuda,BMU,2014,0.1336600035429
Bolivia,BOL,1998,0.241909995675087
Bolivia,BOL,1999,0.289750009775162
Bolivia,BOL,2000,0.34637001156806896
Bolivia,BOL,2001,0.16527999937534302
Bolivia,BOL,2002,0.195120006799698
Bolivia,BOL,2003,0.210179999470711
Bolivia,BOL,2006,0.15956999361514998
Bolivia,BOL,2008,0.173079997301102
Bolivia,BOL,2009,0.21040000021457697
Bolivia,BOL,2010,0.21061000227928198
Bolivia,BOL,2011,0.28472998738288896
Bolivia,BOL,2012,0.28475001454353305
Bolivia,BOL,2013,0.276410013437271
Bolivia,BOL,2014,0.36686000227928206
Botswana,BWA,2009,0.0002300000051036
Brazil,BRA,1998,0.38238999247551003
Brazil,BRA,1999,0.35209000110626204
Brazil,BRA,2000,0.338759988546371
Brazil,BRA,2001,0.320030003786087
Brazil,BRA,2002,0.293660014867783
Brazil,BRA,2004,0.348960012197495
Brazil,BRA,2005,0.36713001132011397
Brazil,BRA,2006,0.36636999249458296
Brazil,BRA,2007,0.39699000120163
Brazil,BRA,2008,0.40106999874115007
Brazil,BRA,2009,0.384319990873337
Brazil,BRA,2010,0.42982000112533597
Brazil,BRA,2011,0.506980001926422
Brazil,BRA,2012,0.59867000579834
Bulgaria,BGR,1998,0.5292400121688839
Bulgaria,BGR,2001,0.557139992713928
Bulgaria,BGR,2002,0.595669984817505
Bulgaria,BGR,2003,0.6603699922561651
Bulgaria,BGR,2004,0.43959999084472706
Bulgaria,BGR,2005,0.693499982357025
Bulgaria,BGR,2006,0.7139800190925601
Bulgaria,BGR,2007,0.6972699761390689
Bulgaria,BGR,2008,0.8017200231552121
Bulgaria,BGR,2009,0.856649994850159
Bulgaria,BGR,2010,0.882149994373322
Bulgaria,BGR,2011,0.8237299919128421
Bulgaria,BGR,2012,0.85683000087738
Burkina Faso,BFA,2005,0.0088700000196695
Burkina Faso,BFA,2006,0.0083600003272295
Burkina Faso,BFA,2007,0.0285700000822544
Burkina Faso,BFA,2011,0.0001900000061141
Burkina Faso,BFA,2012,0.0002699999895412
Burkina Faso,BFA,2013,0.0004900000058114
Burkina Faso,BFA,2014,0.0015500000445172
Burundi,BDI,1999,0.0078999996185302
Burundi,BDI,2000,0.0068100001662969
Burundi,BDI,2001,0.0070799998939037
Burundi,BDI,2002,0.0065999999642372
Burundi,BDI,2004,0.0006200000061653
Burundi,BDI,2008,0.0011399999493733
Burundi,BDI,2009,0.0017699999734759
Burundi,BDI,2010,0.0015800000401213
Burundi,BDI,2011,0.0013899999903515
Burundi,BDI,2012,0.0015399999683722
Burundi,BDI,2013,0.0015000000130385
Cambodia,KHM,1998,0.024550000205636
Cambodia,KHM,2000,0.0431500002741814
Cambodia,KHM,2001,0.0188900008797646
Cambodia,KHM,2002,0.0178800001740456
Cambodia,KHM,2010,0.0566500015556812
Cambodia,KHM,2012,0.0319500006735325
Cambodia,KHM,2013,0.0537000000476837
Cameroon,CMR,2008,0.133289992809296
Cameroon,CMR,2009,0.11366999894380599
Cameroon,CMR,2010,0.129030004143715
Cameroon,CMR,2011,0.10183999687433198
Cameroon,CMR,2012,0.10333000123500802
Cameroon,CMR,2013,0.12131000310182599
Canada,CAN,1998,0.220320001244545
Canada,CAN,1999,0.22441999614238697
Canada,CAN,2000,0.212650001049042
Cape Verde,CPV,2006,0.015709999948740002
Cape Verde,CPV,2007,0.0174800008535385
Cape Verde,CPV,2008,0.0170499999076128
Cape Verde,CPV,2013,0.0349400006234646
Central African Republic,CAF,2006,0.0142700001597404
Central African Republic,CAF,2007,0.0223600007593632
Central African Republic,CAF,2009,0.0310500003397465
Central African Republic,CAF,2010,0.0273100007325411
Chad,TCD,2009,0.0011099999537691
Chad,TCD,2010,0.0073400000110268
Chad,TCD,2011,0.0072400001809001
Chile,CHL,1998,0.29690998792648304
Chile,CHL,2000,0.303050011396408
Chile,CHL,2002,0.34595999121666
Chile,CHL,2003,0.334080010652542
Chile,CHL,2004,0.317360013723373
Chile,CHL,2005,0.310579985380173
Chile,CHL,2006,0.323329985141754
Chile,CHL,2007,0.3505499958992
Chile,CHL,2008,0.4252699911594389
Chile,CHL,2009,0.541999995708466
Chile,CHL,2010,0.5603700280189511
Chile,CHL,2011,0.528310000896454
Chile,CHL,2012,0.64122998714447
Chile,CHL,2013,0.7076600193977359
China,CHN,1998,0.0245699994266033
China,CHN,1999,0.0268200002610683
Colombia,COL,1998,0.0961299985647202
Colombia,COL,1999,0.110059998929501
Colombia,COL,2000,0.0859199985861778
Colombia,COL,2001,0.0910300016403198
Colombia,COL,2002,0.0939299985766411
Colombia,COL,2004,0.108929999172688
Colombia,COL,2005,0.10471999645233199
Colombia,COL,2009,0.27039998769760104
Colombia,COL,2010,0.28196001052856395
Colombia,COL,2011,0.270379990339279
Colombia,COL,2012,0.26120999455452
Colombia,COL,2014,0.264039993286133
Comoros,COM,2002,0.0171499997377396
Comoros,COM,2011,0.372750014066696
Comoros,COM,2012,0.373070001602173
Congo,COG,2002,0.0244800001382828
Congo,COG,2005,0.0535699985921383
Congo,COG,2010,0.28395000100135803
Costa Rica,CRI,1999,0.273589998483658
Costa Rica,CRI,2000,0.230719998478889
Costa Rica,CRI,2001,0.34672999382019
Costa Rica,CRI,2002,0.34913998842239397
Costa Rica,CRI,2004,0.388550013303757
Costa Rica,CRI,2006,0.290609985589981
Costa Rica,CRI,2007,0.26657000184059104
Costa Rica,CRI,2008,0.289889991283417
Costa Rica,CRI,2009,0.358999997377396
Costa Rica,CRI,2010,0.368999987840652
Costa Rica,CRI,2011,0.37123000621795704
Costa Rica,CRI,2012,0.366769999265671
Costa Rica,CRI,2013,0.431930005550385
Costa Rica,CRI,2014,0.42592999339103704
Cote d'Ivoire,CIV,1998,0.0021100000012666
Cote d'Ivoire,CIV,1999,0.0004400000034365
Cote d'Ivoire,CIV,2000,0.0005099999834783
Cote d'Ivoire,CIV,2012,0.109209999442101
Cote d'Ivoire,CIV,2014,0.127470001578331
Croatia,HRV,2002,0.361039996147156
Croatia,HRV,2003,0.357490003108978
Croatia,HRV,2004,0.353219985961914
Croatia,HRV,2007,0.48943999409675604
Croatia,HRV,2008,0.509230017662048
Croatia,HRV,2009,0.58228999376297
Croatia,HRV,2010,0.587279975414276
Croatia,HRV,2011,0.586549997329712
Cuba,CUB,1998,0.6461600065231321
Cuba,CUB,1999,0.6843600273132321
Cuba,CUB,2000,0.744570016860962
Cuba,CUB,2001,0.691959977149963
Cuba,CUB,2002,0.886539995670319
Cuba,CUB,2004,0.85180002450943
Cuba,CUB,2005,0.875349998474121
Cuba,CUB,2006,0.714659988880157
Cuba,CUB,2007,0.9671199917793271
Cuba,CUB,2008,0.9729099869728092
Cuba,CUB,2009,0.8513299822807309
Cuba,CUB,2010,0.8791300058364871
Curacao,CUW,2013,0.45563000440597495
Cyprus,CYP,1999,0.165900006890297
Cyprus,CYP,2000,0.25137999653816195
Cyprus,CYP,2001,0.29633998870849604
Cyprus,CYP,2002,0.31856000423431396
Cyprus,CYP,2003,0.33079999685287503
Cyprus,CYP,2004,0.30715999007225
Cyprus,CYP,2005,0.313890010118485
Cyprus,CYP,2006,0.309749990701675
Cyprus,CYP,2007,0.30123999714851396
Cyprus,CYP,2008,0.323659986257553
Cyprus,CYP,2009,0.375820010900497
Cyprus,CYP,2010,0.368000000715256
Cyprus,CYP,2011,0.374029994010925
Czechia,CZE,1998,0.38435000181198103
Czechia,CZE,1999,0.40213999152183505
Czechia,CZE,2000,0.38876000046729997
Czechia,CZE,2001,0.36318999528884904
Czechia,CZE,2002,0.387120008468628
Czechia,CZE,2003,0.378600001335144
Czechia,CZE,2004,0.369309991598129
Czechia,CZE,2005,0.382829993963242
Czechia,CZE,2006,0.37902998924255393
Czechia,CZE,2007,0.364809989929199
Czechia,CZE,2008,0.38697999715805104
Czechia,CZE,2009,0.466740012168884
Czechia,CZE,2010,0.4663400053977971
Czechia,CZE,2011,0.47238001227378795
Czechia,CZE,2012,0.5160300135612489
Democratic Republic of Congo,COD,2010,0.0102599998936057
Democratic Republic of Congo,COD,2013,0.023089999333023997
Denmark,DNK,1998,0.914849996566772
Denmark,DNK,1999,0.703490018844604
Denmark,DNK,2000,0.690999984741211
Denmark,DNK,2001,0.717960000038147
Denmark,DNK,2002,0.7051799893379208
Denmark,DNK,2003,0.726499974727631
Denmark,DNK,2004,0.760089993476868
Denmark,DNK,2005,0.698880016803741
Denmark,DNK,2006,0.5982800126075739
Denmark,DNK,2007,0.642799973487854
Denmark,DNK,2008,0.6454399824142459
Denmark,DNK,2009,0.9542499780654911
Denmark,DNK,2010,0.992910027503967
Denmark,DNK,2011,1.3437299728393601
Dominica,DMA,1998,0.0069599999114871
Dominica,DMA,2007,0.0046199997887015
Dominica,DMA,2008,0.0056500001810491
Dominica,DMA,2009,0.0061099999584257
Dominica,DMA,2010,0.0058100000023841
Dominica,DMA,2012,0.0613499991595745
Dominican Republic,DOM,2001,0.0018799999961629
Dominican Republic,DOM,2002,0.0413599982857704
Dominican Republic,DOM,2004,0.0049700001254677
Dominican Republic,DOM,2005,0.0204799994826317
Dominican Republic,DOM,2007,0.0862200036644936
Dominican Republic,DOM,2008,0.0989099964499474
Dominican Republic,DOM,2009,0.11095000058412599
Dominican Republic,DOM,2010,0.09673000127077098
Dominican Republic,DOM,2011,0.10189999639987898
Dominican Republic,DOM,2012,0.115539997816086
Dominican Republic,DOM,2013,0.24422000348568
Dominican Republic,DOM,2014,0.258929997682571
Ecuador,ECU,2010,0.12093000113964099
Ecuador,ECU,2011,0.23150999844074202
Ecuador,ECU,2012,0.199349999427795
Ecuador,ECU,2013,0.234180003404617
Ecuador,ECU,2014,0.560739994049072
El Salvador,SLV,1998,0.216830000281334
El Salvador,SLV,2000,0.198579996824265
El Salvador,SLV,2002,0.23480999469757102
El Salvador,SLV,2003,0.238340005278587
El Salvador,SLV,2005,0.23339000344276398
El Salvador,SLV,2006,0.24725000560283703
El Salvador,SLV,2007,0.28310999274253806
El Salvador,SLV,2008,0.339569985866547
El Salvador,SLV,2009,0.350650012493134
El Salvador,SLV,2010,0.275480002164841
El Salvador,SLV,2011,0.25907000899314897
Equatorial Guinea,GNQ,1998,0.0921899974346161
Estonia,EST,1998,0.982060015201569
Estonia,EST,1999,1.05852997303009
Estonia,EST,2001,0.300429999828339
Estonia,EST,2002,0.28275999426841697
Estonia,EST,2003,0.306699991226196
Estonia,EST,2004,0.31595999002456704
Estonia,EST,2005,0.3568800091743471
Estonia,EST,2007,0.36342999339103704
Estonia,EST,2008,0.517239987850189
Estonia,EST,2009,0.47249999642372104
Estonia,EST,2010,0.43371000885963396
Estonia,EST,2011,0.40356999635696394
Estonia,EST,2012,0.428209990262985
Eswatini,SWZ,1999,0.0014199999859556
Eswatini,SWZ,2000,0.0024300001095980002
Eswatini,SWZ,2001,0.001979999942705
Eswatini,SWZ,2002,0.00395999988541
Eswatini,SWZ,2003,0.0026799999177455
Eswatini,SWZ,2004,0.0021699999924749
Eswatini,SWZ,2005,0.0023399998899549
Eswatini,SWZ,2006,0.0029500001110136
Eswatini,SWZ,2008,0.0026400000788271
Eswatini,SWZ,2009,0.0029899999499321
Eswatini,SWZ,2010,0.0108500001952052
Eswatini,SWZ,2011,0.0138199999928474
Ethiopia,ETH,2009,0.0027199999894946
Ethiopia,ETH,2010,0.0018299999646842
Ethiopia,ETH,2011,0.0015500000445172
Ethiopia,ETH,2012,0.0197899993509054
Ethiopia,ETH,2013,0.0195799991488457
Fiji,FJI,2004,0.011850000359118
Fiji,FJI,2011,0.0180200003087521
Finland,FIN,1999,0.32124000787734996
Finland,FIN,2000,0.330729991197586
Finland,FIN,2001,0.31470999121665993
Finland,FIN,2002,0.32359999418258695
Finland,FIN,2003,0.329189985990524
Finland,FIN,2004,0.33164000511169395
Finland,FIN,2005,0.331719994544983
Finland,FIN,2006,0.32861998677253695
Finland,FIN,2007,0.323720008134842
Finland,FIN,2008,0.34099999070167497
Finland,FIN,2009,0.38525000214576705
Finland,FIN,2010,0.37924998998641996
Finland,FIN,2011,0.38569998741149897
Finland,FIN,2012,0.747569978237152
Finland,FIN,2013,0.7721099853515629
France,FRA,1999,0.6196799874305731
France,FRA,2000,0.607020020484924
France,FRA,2001,0.598940014839172
France,FRA,2002,0.601419985294342
France,FRA,2003,0.6456000208854681
France,FRA,2004,0.6601200103759771
France,FRA,2005,0.6251400113105771
France,FRA,2006,0.617229998111725
France,FRA,2007,0.6277300119400021
France,FRA,2008,0.6160600185394289
France,FRA,2009,0.6610599756240839
France,FRA,2010,0.657480001449585
France,FRA,2011,0.646210014820099
France,FRA,2012,0.6817200183868412
Gabon,GAB,1998,0.19810999929904896
Georgia,GEO,2008,0.311599999666214
Georgia,GEO,2009,0.395639985799789
Georgia,GEO,2011,0.26486998796463
Georgia,GEO,2012,0.284830003976822
Germany,DEU,1998,0.344700008630753
Germany,DEU,2006,0.358399987220764
Germany,DEU,2007,0.364360004663467
Germany,DEU,2008,0.385650008916855
Germany,DEU,2009,0.429239988327026
Germany,DEU,2010,0.448249995708466
Germany,DEU,2011,0.456649988889694
Germany,DEU,2012,0.425839990377426
Ghana,GHA,2004,0.498180001974106
Ghana,GHA,2005,0.441410005092621
Ghana,GHA,2006,0.290890008211136
Ghana,GHA,2007,0.27131000161171
Ghana,GHA,2008,0.32234001159667997
Ghana,GHA,2009,0.26388001441955605
Ghana,GHA,2010,0.335399985313416
Ghana,GHA,2011,0.298970013856888
Ghana,GHA,2012,0.66456001996994
Ghana,GHA,2013,0.397790014743805
Grenada,GRD,2003,0.22333000600338002
Guatemala,GTM,2000,0.11225999891758001
Guatemala,GTM,2001,0.151930004358292
Guatemala,GTM,2002,0.15316000580787698
Guatemala,GTM,2004,0.15769000351429
Guatemala,GTM,2005,0.14556999504566198
Guatemala,GTM,2006,0.24295000731945002
Guatemala,GTM,2007,0.267879992723465
Guatemala,GTM,2008,0.317539989948273
Guatemala,GTM,2010,0.314190000295639
Guatemala,GTM,2011,0.330009996891022
Guatemala,GTM,2012,0.325349986553192
Guatemala,GTM,2013,0.300049990415573
Guinea,GIN,2012,0.0017500000540167
Guinea,GIN,2013,0.0026499999221414
Guinea-Bissau,GNB,2010,0.0124899996444583
Guinea-Bissau,GNB,2011,0.0139699997380376
Guinea-Bissau,GNB,2012,0.0174800008535385
Guinea-Bissau,GNB,2013,0.0176899991929531
Guyana,GUY,2002,0.9765300154685971
Guyana,GUY,2004,0.6399099826812739
Guyana,GUY,2006,0.49415001273155196
Guyana,GUY,2007,0.444090008735657
Guyana,GUY,2009,0.387730002403259
Guyana,GUY,2010,0.42045998573303206
Guyana,GUY,2011,0.377550005912781
Guyana,GUY,2012,0.369470000267029
Honduras,HND,2010,0.47310999035835294
Honduras,HND,2013,0.43002998828887895
Hong Kong,HKG,2001,0.0847100019454956
Hong Kong,HKG,2002,0.0897699967026711
Hong Kong,HKG,2003,0.10047999769449198
Hong Kong,HKG,2004,0.103529997169971
Hong Kong,HKG,2005,0.0946099981665611
Hong Kong,HKG,2006,0.0872400030493736
Hong Kong,HKG,2007,0.0856800004839897
Hong Kong,HKG,2008,0.103529997169971
Hong Kong,HKG,2009,0.126269996166229
Hong Kong,HKG,2010,0.134159997105598
Hong Kong,HKG,2011,0.136739999055862
Hong Kong,HKG,2012,0.13641999661922502
Hong Kong,HKG,2013,0.13867999613285098
Hong Kong,HKG,2014,0.15060999989509602
Hungary,HUN,1998,0.6681200265884399
Hungary,HUN,1999,0.692359983921051
Hungary,HUN,2000,0.6445299983024599
Hungary,HUN,2001,0.647119998931885
Hungary,HUN,2002,0.698329985141754
Hungary,HUN,2003,0.777679979801178
Hungary,HUN,2004,0.754369974136353
Hungary,HUN,2005,0.7583400011062621
Hungary,HUN,2006,0.735719978809357
Hungary,HUN,2007,0.679229974746704
Hungary,HUN,2008,0.6865800023078922
Hungary,HUN,2009,0.70033997297287
Hungary,HUN,2010,0.69174998998642
Hungary,HUN,2011,0.616219997406006
Hungary,HUN,2012,0.635900020599365
Iceland,ISL,1999,0.43169999122619607
Iceland,ISL,2000,0.458079993724823
Iceland,ISL,2001,0.503859996795654
Iceland,ISL,2002,0.481550008058548
Iceland,ISL,2003,0.48282000422477706
Iceland,ISL,2004,0.456140011548996
Iceland,ISL,2005,0.493090003728867
Iceland,ISL,2006,0.6036999821662901
Iceland,ISL,2007,0.643459975719452
Iceland,ISL,2008,0.719359993934631
Iceland,ISL,2009,0.740289986133575
Iceland,ISL,2010,0.689920008182526
Iceland,ISL,2011,0.700950026512146
India,IND,1999,0.0427899993956089
India,IND,2000,0.0364100001752377
India,IND,2001,0.0552700012922287
India,IND,2003,0.0532400012016296
India,IND,2004,0.0437799990177155
India,IND,2005,0.0400899983942509
India,IND,2006,0.0350899994373322
India,IND,2009,0.0392999984323978
India,IND,2010,0.0352800004184246
India,IND,2011,0.0440500006079674
India,IND,2012,0.046229999512434006
Indonesia,IDN,2007,0.0202799998223782
Indonesia,IDN,2008,0.0200200006365776
Indonesia,IDN,2009,0.0231299996376038
Indonesia,IDN,2010,0.0199299994856119
Indonesia,IDN,2011,0.0300900004804134
Indonesia,IDN,2012,0.0750499963760376
Indonesia,IDN,2013,0.0621899999678135
Indonesia,IDN,2014,0.0578599981963634
Iran,IRN,2001,0.0355000011622906
Iran,IRN,2002,0.0393400005996227
Iran,IRN,2003,0.0401399992406368
Iran,IRN,2004,0.033950001001358
Iran,IRN,2005,0.0434399992227554
Iran,IRN,2006,0.0706799998879433
Iran,IRN,2007,0.0401800014078617
Iran,IRN,2008,0.0387200005352497
Iran,IRN,2009,0.0332099981606007
Iran,IRN,2010,0.0371100008487701
Iran,IRN,2011,0.060979999601840994
Iran,IRN,2012,0.032990001142025
Iran,IRN,2013,0.002769999904558
Iran,IRN,2014,0.0059199999086558
Ireland,IRL,1998,0.002369999885559
Ireland,IRL,1999,0.0023300000466406
Ireland,IRL,2000,0.0023399998899549
Ireland,IRL,2001,0.0022799998987466
Ireland,IRL,2002,0.0024900001008063
Ireland,IRL,2003,0.0025899999309331
Ireland,IRL,2004,0.0027399999089539
Ireland,IRL,2005,0.0027499999850988
Ireland,IRL,2006,0.0027199999894946
Ireland,IRL,2007,0.0027399999089539
Ireland,IRL,2008,0.0031799999997019
Ireland,IRL,2009,0.0486100018024445
Ireland,IRL,2010,0.0955300033092499
Ireland,IRL,2011,0.0965299978852272
Ireland,IRL,2012,0.10700999945402098
Israel,ISR,1998,0.580649971961975
Israel,ISR,1999,0.563660025596619
Israel,ISR,2000,0.5240600109100341
Israel,ISR,2001,0.561739981174469
Israel,ISR,2002,0.6236600279808039
Israel,ISR,2003,0.628170013427734
Israel,ISR,2004,0.626579999923706
Israel,ISR,2005,0.6146500110626221
Israel,ISR,2006,0.621959984302521
Israel,ISR,2007,0.584270000457764
Israel,ISR,2008,0.613699972629547
Israel,ISR,2009,0.638119995594025
Israel,ISR,2010,0.6101800203323361
Israel,ISR,2011,0.5928800106048578
Israel,ISR,2012,0.590690016746521
Israel,ISR,2013,0.73922997713089
Italy,ITA,1998,0.393640011548996
Italy,ITA,1999,0.38681000471115096
Italy,ITA,2000,0.36761999130249
Italy,ITA,2001,0.455060005187988
Italy,ITA,2002,0.380279988050461
Italy,ITA,2003,0.427929997444153
Italy,ITA,2004,0.434130012989044
Italy,ITA,2005,0.43893000483512895
Italy,ITA,2006,0.48335999250412004
Italy,ITA,2007,0.452840000391006
Italy,ITA,2008,0.474799990653992
Italy,ITA,2009,0.462879985570908
Italy,ITA,2010,0.435250014066696
Italy,ITA,2011,0.42596998810768105
Italy,ITA,2012,0.44727998971939104
Jamaica,JAM,2001,0.26868000626564
Jamaica,JAM,2002,0.297199994325638
Jamaica,JAM,2003,0.30799001455307
Jamaica,JAM,2004,0.218400001525879
Jamaica,JAM,2005,0.223920002579689
Jamaica,JAM,2007,0.37536001205444297
Jamaica,JAM,2008,0.341159999370575
Jamaica,JAM,2009,0.510320007801056
Jamaica,JAM,2010,0.25185000896453896
Jamaica,JAM,2011,0.213249996304512
Jamaica,JAM,2012,0.199509993195534
Jamaica,JAM,2013,0.21257999539375302
Jamaica,JAM,2014,0.203250005841255
Japan,JPN,1998,0.0837699994444847
Japan,JPN,1999,0.08666999638080601
Japan,JPN,2000,0.0950499996542931
Japan,JPN,2001,0.0923800021409988
Japan,JPN,2002,0.09307000041008
Japan,JPN,2003,0.09487999975681301
Japan,JPN,2004,0.0935999974608421
Japan,JPN,2005,0.0927200019359589
Japan,JPN,2006,0.0919099971652031
Japan,JPN,2007,0.0908100008964539
Japan,JPN,2008,0.09015999734401699
Japan,JPN,2010,0.10149999707937199
Japan,JPN,2011,0.0998499989509583
Japan,JPN,2012,0.103110000491142
Japan,JPN,2013,0.103210002183914
Japan,JPN,2014,0.10504999756813001
Jordan,JOR,1998,0.0002300000051036
Jordan,JOR,1999,0.0040099998004734
Jordan,JOR,2001,0.004250000230967999
Jordan,JOR,2002,0.0073699997738003
Jordan,JOR,2003,0.0169099997729063
Jordan,JOR,2004,0.0189399998635054
Jordan,JOR,2005,0.0238499995321035
Jordan,JOR,2006,0.0216700006276369
Jordan,JOR,2007,0.0195000004023314
Jordan,JOR,2008,0.0364000014960766
Jordan,JOR,2009,0.0243900008499622
Jordan,JOR,2011,0.0276800002902746
Kazakhstan,KAZ,2002,0.11014000326394999
Kazakhstan,KAZ,2004,0.0821499973535538
Kazakhstan,KAZ,2005,0.0868199989199638
Kazakhstan,KAZ,2006,0.12280000001192098
Kazakhstan,KAZ,2007,0.154090002179146
Kazakhstan,KAZ,2008,0.16601000726223
Kazakhstan,KAZ,2009,0.208069995045662
Kazakhstan,KAZ,2013,0.27063000202179
Kazakhstan,KAZ,2014,0.283069998025894
Kenya,KEN,1999,0.0126700000837445
Kenya,KEN,2000,0.0300200004130602
Kenya,KEN,2001,0.0693800002336502
Kenya,KEN,2003,0.145710006356239
Kenya,KEN,2004,0.106250002980232
Kenya,KEN,2006,0.0035600000992417
Kuwait,KWT,2002,0.6194800138473511
Kuwait,KWT,2003,0.6031100153923029
Kuwait,KWT,2004,0.513069987297058
Kuwait,KWT,2005,0.4635500013828279
Kuwait,KWT,2006,0.360260009765625
Kuwait,KWT,2008,0.39124000072479204
Kuwait,KWT,2011,0.543820023536682
Kyrgyzstan,KGZ,1998,0.319759994745255
Kyrgyzstan,KGZ,1999,0.274699985980988
Kyrgyzstan,KGZ,2000,0.223389998078346
Kyrgyzstan,KGZ,2001,0.25716000795364397
Kyrgyzstan,KGZ,2002,0.291240006685257
Kyrgyzstan,KGZ,2003,0.27673000097274797
Kyrgyzstan,KGZ,2004,0.27259999513626104
Kyrgyzstan,KGZ,2005,0.301360011100769
Kyrgyzstan,KGZ,2006,0.335290014743805
Kyrgyzstan,KGZ,2007,0.378060013055801
Kyrgyzstan,KGZ,2008,0.388469994068146
Kyrgyzstan,KGZ,2009,0.432819992303848
Kyrgyzstan,KGZ,2010,0.471069991588593
Kyrgyzstan,KGZ,2011,0.577180027961731
Kyrgyzstan,KGZ,2012,0.693530023097992
Kyrgyzstan,KGZ,2013,0.725170016288757
Laos,LAO,2002,0.0534599982202053
Laos,LAO,2004,0.044429998844862005
Laos,LAO,2005,0.0375300012528896
Latvia,LVA,1998,0.69964998960495
Latvia,LVA,1999,0.6536099910736078
Latvia,LVA,2000,0.6586899757385251
Latvia,LVA,2001,0.6334499716758729
Latvia,LVA,2002,0.6444799900054929
Latvia,LVA,2003,0.657630026340485
Latvia,LVA,2004,0.6303499937057501
Latvia,LVA,2006,0.615369975566864
Latvia,LVA,2007,0.669860005378723
Latvia,LVA,2008,0.8037400245666501
Latvia,LVA,2009,0.9644799828529359
Latvia,LVA,2010,0.8555600047111508
Latvia,LVA,2011,0.8216400146484379
Latvia,LVA,2012,0.7975900173187259
Latvia,LVA,2013,0.8257499933242801
Lesotho,LSO,2006,0.0082599995657801
Lesotho,LSO,2008,0.0187800005078316
Liechtenstein,LIE,2003,0.171350002288818
Liechtenstein,LIE,2004,0.158150002360344
Liechtenstein,LIE,2006,0.144079998135567
Liechtenstein,LIE,2007,0.133220002055168
Liechtenstein,LIE,2008,0.149810001254082
Liechtenstein,LIE,2010,0.18039999902248396
Liechtenstein,LIE,2011,0.18249000608921104
Lithuania,LTU,2001,0.8157899975776669
Lithuania,LTU,2003,0.726459980010986
Lithuania,LTU,2004,0.660849988460541
Lithuania,LTU,2005,0.590430021286011
Lithuania,LTU,2006,0.58967000246048
Lithuania,LTU,2007,0.554229974746704
Lithuania,LTU,2008,0.518570005893707
Lithuania,LTU,2009,0.728659987449646
Lithuania,LTU,2010,0.685259997844696
Lithuania,LTU,2011,0.6983600258827211
Lithuania,LTU,2012,0.623830020427704
Luxembourg,LUX,2008,0.47620999813079795
Luxembourg,LUX,2009,0.609499990940094
Luxembourg,LUX,2010,0.7510899901390079
Luxembourg,LUX,2011,0.746020019054413
Macao,MAC,1998,0.32616999745368996
Macao,MAC,2000,0.279749989509583
Madagascar,MDG,2008,0.0128399999812245
Madagascar,MDG,2009,0.0080199996009469
Madagascar,MDG,2011,0.0078199999406933
Madagascar,MDG,2012,0.0057000000961124
Malawi,MWI,2010,0.0010600000387057
Malawi,MWI,2011,0.0136900003999472
Malawi,MWI,2013,0.0022400000598281
Malaysia,MYS,2000,0.0568099990487099
Malaysia,MYS,2001,0.0769400000572205
Malaysia,MYS,2002,0.0597300007939339
Malaysia,MYS,2003,0.0560499988496304
Malaysia,MYS,2004,0.0672499984502792
Malaysia,MYS,2006,0.0670299977064133
Malaysia,MYS,2007,0.0656000003218651
Malaysia,MYS,2008,0.0642099976539612
Malaysia,MYS,2009,0.0709500014781952
Malaysia,MYS,2010,0.0584199987351894
Malaysia,MYS,2011,0.0964199975132942
Malaysia,MYS,2013,0.094709999859333
Maldives,MDV,2006,0.483680009841919
Maldives,MDV,2008,0.46731999516487105
Mali,MLI,1998,0.0254200007766485
Mali,MLI,1999,0.0250400006771088
Mali,MLI,2008,0.0534700006246567
Mali,MLI,2009,0.0412199981510639
Mali,MLI,2010,0.0079699996858835
Mali,MLI,2011,0.0134899998083711
Mali,MLI,2012,0.0143600003793836
Mali,MLI,2013,0.012640000320971
Mali,MLI,2014,0.0101600000634789
Malta,MLT,1998,0.23326000571250896
Malta,MLT,2002,0.29061999917030296
Malta,MLT,2004,0.24754999577999104
Malta,MLT,2007,0.372570008039474
Malta,MLT,2008,0.376210004091263
Malta,MLT,2009,0.38102999329567
Malta,MLT,2010,0.509989976882935
Malta,MLT,2011,0.42234000563621504
Malta,MLT,2012,0.47749999165534995
Mauritania,MRT,2005,0.0098299998790025
Mauritania,MRT,2008,0.0093700001016259
Mauritania,MRT,2010,0.0194700006395578
Mauritius,MUS,2001,0.045719999819994
Mauritius,MUS,2002,0.0447999984025955
Mauritius,MUS,2003,0.0671399980783463
Mauritius,MUS,2004,0.0638900026679039
Mauritius,MUS,2005,0.0626399964094162
Mauritius,MUS,2006,0.048020001500845004
Mauritius,MUS,2008,0.0434800013899803
Mauritius,MUS,2009,0.0472100004553795
Mauritius,MUS,2010,0.0505100004374981
Mauritius,MUS,2011,0.048700001090765
Mauritius,MUS,2012,0.0551000013947487
Mauritius,MUS,2013,0.061990000307559995
Mexico,MEX,1998,0.269690006971359
Mexico,MEX,1999,0.36243000626564004
Mexico,MEX,2001,0.401989996433258
Mexico,MEX,2002,0.45884999632835405
Mexico,MEX,2003,0.5988500118255621
Mexico,MEX,2004,0.47207000851631203
Mexico,MEX,2005,0.5102099776268011
Mexico,MEX,2006,0.5292900204658509
Mexico,MEX,2007,0.507730007171631
Mexico,MEX,2008,0.58228999376297
Mexico,MEX,2009,0.521719992160797
Mexico,MEX,2010,0.5301799774169921
Mexico,MEX,2011,0.534839987754822
Moldova,MDA,2006,1.1875900030136102
Moldova,MDA,2007,1.31447005271912
Moldova,MDA,2008,1.46191000938416
Moldova,MDA,2009,1.76914000511169
Moldova,MDA,2010,1.77524995803833
Moldova,MDA,2011,1.76874995231628
Moldova,MDA,2012,1.83028995990753
Moldova,MDA,2014,1.5712699890136699
Monaco,MCO,1998,0.0525700002908707
Monaco,MCO,1999,0.0512400008738041
Monaco,MCO,2000,0.0439999997615814
Monaco,MCO,2004,0.0535599999129772
Monaco,MCO,2009,0.0488499999046326
Monaco,MCO,2010,0.0418200008571148
Monaco,MCO,2011,0.0407899990677834
Monaco,MCO,2012,0.0439499989151955
Monaco,MCO,2013,0.0397699996829033
Monaco,MCO,2014,0.0370899997651577
Mongolia,MNG,2002,1.01901996135712
Mongolia,MNG,2004,0.7999500036239621
Mongolia,MNG,2007,0.923870027065277
Mongolia,MNG,2009,1.04487001895905
Mongolia,MNG,2010,1.02108001708984
Mongolia,MNG,2011,1.09475994110107
Morocco,MAR,2008,0.0003300000098533
Namibia,NAM,2000,0.0135599998757243
Namibia,NAM,2001,0.0145100001245737
Namibia,NAM,2002,0.362210005521774
Namibia,NAM,2003,0.0299999993294477
Namibia,NAM,2005,0.0317099988460541
Namibia,NAM,2006,0.032379999756813
Namibia,NAM,2008,0.025900000706315
Nepal,NPL,2009,0.0715499967336655
Nepal,NPL,2014,0.12867000699043302
Netherlands,NLD,1998,0.326119989156723
Netherlands,NLD,1999,0.32080999016761796
Netherlands,NLD,2000,0.32778000831604
Netherlands,NLD,2001,0.35003998875618
Netherlands,NLD,2002,0.37586998939514205
Netherlands,NLD,2003,0.40419000387191795
Netherlands,NLD,2004,0.39517998695373496
Netherlands,NLD,2005,0.399170011281967
Netherlands,NLD,2006,0.378360003232956
Netherlands,NLD,2007,0.3569900095462801
Netherlands,NLD,2008,0.35853001475334206
Netherlands,NLD,2009,0.38266998529434204
Netherlands,NLD,2010,0.382180005311966
Netherlands,NLD,2011,0.384270012378693
Netherlands,NLD,2012,0.376450002193451
Netherlands,NLD,2013,0.384860008955002
New Zealand,NZL,1999,0.218559995293617
New Zealand,NZL,2000,0.198219999670982
New Zealand,NZL,2001,0.18490000069141396
New Zealand,NZL,2002,0.172440007328987
New Zealand,NZL,2003,0.195570006966591
New Zealand,NZL,2004,0.18731999397277802
New Zealand,NZL,2005,0.204329997301102
New Zealand,NZL,2006,0.22090999782085396
New Zealand,NZL,2007,0.233229994773865
New Zealand,NZL,2008,0.336710005998611
New Zealand,NZL,2009,0.438989996910095
New Zealand,NZL,2010,0.47060999274253795
New Zealand,NZL,2011,0.5152999758720399
New Zealand,NZL,2012,0.5012599825859071
New Zealand,NZL,2014,0.445740014314651
Nicaragua,NIC,2004,0.023590000346302997
Nicaragua,NIC,2005,0.0207700002938509
Nicaragua,NIC,2006,0.0759100019931793
Nicaragua,NIC,2010,0.160400003194809
Niger,NER,2009,0.149279996752739
Niger,NER,2010,0.09042999893426899
Niger,NER,2011,0.0769800022244453
Niger,NER,2012,0.279139995574951
Niger,NER,2013,0.251949995756149
Niger,NER,2014,0.30456998944282504
Norway,NOR,1998,0.5558900237083441
Norway,NOR,1999,0.7582399845123291
Norway,NOR,2000,0.706420004367828
Norway,NOR,2002,0.81971001625061
Norway,NOR,2003,0.28279000520706205
Norway,NOR,2004,0.28780001401901195
Norway,NOR,2005,0.28130999207496604
Norway,NOR,2006,0.294600009918213
Norway,NOR,2007,0.31158000230789196
Norway,NOR,2008,0.29025998711586
Norway,NOR,2009,0.33910000324249295
Norway,NOR,2010,0.327939987182617
Norway,NOR,2011,0.354099988937378
Norway,NOR,2012,0.712019979953766
Palau,PLW,2001,1.09677994251251
Panama,PAN,1999,0.14140999317169198
Panama,PAN,2000,0.15818999707698803
Panama,PAN,2001,0.12757000327110302
Panama,PAN,2002,0.0956400036811829
Panama,PAN,2004,0.151539996266365
Panama,PAN,2007,0.148399993777275
Panama,PAN,2011,0.0996799990534782
Paraguay,PRY,2000,0.292820006608963
Paraguay,PRY,2001,0.288740009069443
Paraguay,PRY,2002,0.317440003156662
Paraguay,PRY,2003,0.30643999576568604
Paraguay,PRY,2004,0.26060000061988803
Paraguay,PRY,2007,0.223360002040863
Paraguay,PRY,2010,0.251980006694794
Paraguay,PRY,2011,0.24442000687122303
Paraguay,PRY,2012,0.30458000302314797
Peru,PER,1998,0.326530009508133
Peru,PER,1999,0.326590001583099
Peru,PER,2000,0.304630011320114
Peru,PER,2001,0.271530002355576
Peru,PER,2002,0.255870014429092
Peru,PER,2003,0.261790007352829
Peru,PER,2004,0.25350001454353305
Peru,PER,2005,0.233700007200241
Peru,PER,2006,0.255699992179871
Peru,PER,2007,0.254940003156662
Peru,PER,2008,0.29763001203537
Peru,PER,2009,0.366310000419617
Peru,PER,2010,0.34290999174118
Peru,PER,2011,0.32907998561859103
Peru,PER,2012,0.391570001840591
Peru,PER,2013,0.492370009422302
Peru,PER,2014,0.607360005378723
Philippines,PHL,2000,0.0042300000786781
Philippines,PHL,2001,0.0038999998942017
Philippines,PHL,2002,0.0036599999293685
Philippines,PHL,2003,0.0036899999249726
Philippines,PHL,2004,0.0009200000204145
Philippines,PHL,2005,0.0016199999954551
Philippines,PHL,2007,0.0271199997514486
Philippines,PHL,2008,0.0397100001573563
Philippines,PHL,2009,0.0447599999606609
Poland,POL,1998,0.475800007581711
Poland,POL,1999,0.408300012350082
Poland,POL,2000,0.535239994525909
Poland,POL,2001,0.459479987621307
Poland,POL,2002,0.42693001031875605
Poland,POL,2003,0.478489995002747
Poland,POL,2004,0.543529987335205
Poland,POL,2005,0.541279971599579
Poland,POL,2006,0.527050018310547
Poland,POL,2007,0.498199999332428
Poland,POL,2008,0.5661100149154661
Poland,POL,2009,0.514739990234375
Poland,POL,2010,0.5085899829864501
Poland,POL,2011,0.527660012245178
Poland,POL,2012,0.550890028476715
Portugal,PRT,1999,0.263700008392334
Portugal,PRT,2000,0.27230000495910606
Portugal,PRT,2001,0.2990800142288211
Portugal,PRT,2002,0.312669992446899
Portugal,PRT,2003,0.378170013427734
Portugal,PRT,2004,0.371939986944199
Portugal,PRT,2005,0.37485000491142295
Portugal,PRT,2006,0.36149001121521
Portugal,PRT,2007,0.347869992256165
Portugal,PRT,2008,0.35548999905586204
Portugal,PRT,2009,0.379810005426407
Portugal,PRT,2010,0.391259998083115
Portugal,PRT,2011,0.378760010004044
Puerto Rico,PRI,2013,0.459659993648529
Qatar,QAT,2009,0.15038999915123
Romania,ROU,2001,0.27355000376701394
Romania,ROU,2002,0.293060004711151
Romania,ROU,2003,0.287059992551804
Romania,ROU,2004,0.286199986934662
Romania,ROU,2005,0.315299987792969
Romania,ROU,2007,0.38596999645233204
Romania,ROU,2009,0.3949399888515471
Romania,ROU,2010,0.34584000706672696
Romania,ROU,2011,0.293879985809326
Romania,ROU,2012,0.28363001346588107
Romania,ROU,2013,0.297699987888336
Russia,RUS,2000,0.438100010156631
Russia,RUS,2001,0.47727000713348405
Russia,RUS,2002,0.560699999332428
Russia,RUS,2003,0.545740008354187
Russia,RUS,2004,0.538519978523254
Russia,RUS,2005,0.5228999853134161
Russia,RUS,2006,0.540809988975525
Russia,RUS,2008,0.6166800260543821
Rwanda,RWA,2000,0.0199699997901917
Rwanda,RWA,2005,0.0324999988079071
Rwanda,RWA,2007,0.0407700017094612
Rwanda,RWA,2010,0.0097399996593594
Rwanda,RWA,2011,0.0055300001986324
Rwanda,RWA,2012,0.0131400004029274
Rwanda,RWA,2013,0.0077800001017749
Saint Kitts and Nevis,KNA,1998,0.187309995293617
Saint Lucia,LCA,1999,0.0259499996900558
Saint Lucia,LCA,2004,0.0183600001037121
Saint Lucia,LCA,2009,0.0548000000417233
Saint Lucia,LCA,2010,0.0728399977087975
Saint Lucia,LCA,2011,0.0660099983215332
Saint Lucia,LCA,2012,0.063289999961853
Saint Vincent and the Grenadines,VCT,1998,0.0021800000686198
Saint Vincent and the Grenadines,VCT,2000,0.0224300008267164
Saint Vincent and the Grenadines,VCT,2002,0.0240599997341633
Saint Vincent and the Grenadines,VCT,2005,0.0201799999922514
Saint Vincent and the Grenadines,VCT,2007,0.0173899997025728
Saint Vincent and the Grenadines,VCT,2009,0.0289699994027615
Saint Vincent and the Grenadines,VCT,2010,0.100409999489784
Saint Vincent and the Grenadines,VCT,2011,0.0927100032567978
Saint Vincent and the Grenadines,VCT,2014,0.09869000315666199
Samoa,WSM,2000,0.0823099985718727
Samoa,WSM,2001,0.0274599995464087
San Marino,SMR,2010,0.43946000933647206
San Marino,SMR,2011,0.48047000169754
Sao Tome and Principe,STP,2012,0.6688799858093261
Sao Tome and Principe,STP,2013,0.675949990749359
Sao Tome and Principe,STP,2014,0.46421998739242604
Senegal,SEN,1998,0.0829899981617928
Senegal,SEN,2005,0.0443499982357025
Senegal,SEN,2006,0.0334100015461445
Senegal,SEN,2009,0.0164899993687868
Senegal,SEN,2010,0.0254299994558096
Serbia,SRB,2007,0.0181699991226196
Serbia,SRB,2008,0.0178900007158518
Serbia,SRB,2009,0.0176699999719858
Serbia,SRB,2010,0.023310000076890002
Serbia,SRB,2011,0.0499499998986721
Seychelles,SYC,1998,0.32218000292778004
Seychelles,SYC,2002,0.54637998342514
Seychelles,SYC,2003,0.462749987840652
Seychelles,SYC,2006,0.19510999321937603
Slovakia,SVK,1999,0.48956999182701094
Slovakia,SVK,2000,0.409850001335144
Slovakia,SVK,2001,0.429049998521805
Slovakia,SVK,2002,0.453409999608994
Slovakia,SVK,2003,0.468549996614456
Slovakia,SVK,2004,0.38354000449180603
Slovakia,SVK,2005,0.380769997835159
Slovakia,SVK,2006,0.358570009469986
Slovakia,SVK,2007,0.36000001430511497
Slovakia,SVK,2008,0.36272999644279497
Slovakia,SVK,2009,0.40812999010086104
Slovakia,SVK,2010,0.386680006980896
Slovakia,SVK,2011,0.403409987688065
Slovakia,SVK,2012,0.417059987783432
Slovakia,SVK,2013,0.44336000084877
Slovenia,SVN,2001,0.5540500283241271
Slovenia,SVN,2002,0.5576099753379821
Slovenia,SVN,2003,0.525650024414063
Slovenia,SVN,2004,0.467359989881516
Slovenia,SVN,2005,0.582949995994568
Slovenia,SVN,2006,0.6110600233078001
Slovenia,SVN,2007,0.550790011882782
Slovenia,SVN,2008,0.48030000925064104
Slovenia,SVN,2009,0.54992002248764
Slovenia,SVN,2010,0.571600019931793
Slovenia,SVN,2011,0.627799987792969
Slovenia,SVN,2012,0.665520012378693
South Africa,ZAF,1999,0.0003399999986868
South Africa,ZAF,2000,0.0667300000786781
South Africa,ZAF,2001,0.187969997525215
South Africa,ZAF,2002,0.18544000387191797
South Africa,ZAF,2003,0.0075599998235702
South Africa,ZAF,2004,0.0156399998813868
South Africa,ZAF,2005,0.0302099995315075
South Africa,ZAF,2006,0.0268500000238419
South Africa,ZAF,2007,0.0296800006181002
South Africa,ZAF,2008,0.032770000398159
South Africa,ZAF,2009,0.0481799989938736
South Africa,ZAF,2010,0.061710000038147
South Africa,ZAF,2011,0.0764700025320053
South Africa,ZAF,2012,0.0863699987530708
South Africa,ZAF,2014,0.0928599983453751
South Korea,KOR,1998,0.0363200008869171
South Korea,KOR,1999,0.0291700009256601
South Korea,KOR,2001,0.0547400005161762
South Korea,KOR,2002,0.046900000423193
South Korea,KOR,2003,0.0494499988853931
South Korea,KOR,2004,0.0543599985539913
South Korea,KOR,2005,0.0626000016927719
South Korea,KOR,2006,0.088869996368885
South Korea,KOR,2007,0.100050002336502
South Korea,KOR,2008,0.0815199986100197
South Korea,KOR,2009,0.104479998350143
South Korea,KOR,2012,0.14415000379085502
South Korea,KOR,2013,0.178200006484985
South Sudan,SSD,2011,0.002379999961704
Spain,ESP,1998,0.32863000035286
Spain,ESP,1999,0.31486999988555897
Spain,ESP,2000,0.36083000898361206
Spain,ESP,2001,0.382739990949631
Spain,ESP,2002,0.41146999597549394
Spain,ESP,2003,0.450450003147125
Spain,ESP,2004,0.47220999002456704
Spain,ESP,2005,0.512510001659393
Spain,ESP,2006,0.534950017929077
Spain,ESP,2007,0.575330018997192
Spain,ESP,2008,0.6244300007820129
Spain,ESP,2009,0.699310004711151
Spain,ESP,2010,0.677160024642944
Spain,ESP,2011,0.683799982070923
Spain,ESP,2012,0.49210000038146995
Spain,ESP,2013,0.48210000991821295
Sweden,SWE,1998,0.52591997385025
Sweden,SWE,1999,0.515410006046295
Sweden,SWE,2000,0.44707998633384705
Sweden,SWE,2001,0.43492001295089705
Sweden,SWE,2002,0.47756999731063793
Sweden,SWE,2003,0.46103999018669106
Sweden,SWE,2004,0.477310001850128
Sweden,SWE,2005,0.512700021266937
Sweden,SWE,2006,0.564069986343384
Sweden,SWE,2007,0.566420018672943
Sweden,SWE,2008,0.629059970378876
Sweden,SWE,2009,0.6859599947929379
Sweden,SWE,2010,0.673749983310699
Sweden,SWE,2011,0.680830001831055
Sweden,SWE,2012,1.24124002456665
Sweden,SWE,2013,1.29136002063751
Switzerland,CHE,1998,0.180999994277954
Switzerland,CHE,1999,0.180969998240471
Switzerland,CHE,2000,0.191650003194809
Switzerland,CHE,2001,0.18727000057697304
Switzerland,CHE,2002,0.19518999755382502
Switzerland,CHE,2003,0.19412000477314004
Switzerland,CHE,2004,0.183170005679131
Switzerland,CHE,2005,0.18974000215530398
Switzerland,CHE,2006,0.185729995369911
Switzerland,CHE,2007,0.178320005536079
Switzerland,CHE,2008,0.17545999586582198
Switzerland,CHE,2009,0.188500002026558
Switzerland,CHE,2010,0.183960005640984
Switzerland,CHE,2011,0.17628000676631897
Switzerland,CHE,2012,0.180669993162155
Tajikistan,TJK,2005,0.135140001773834
Tajikistan,TJK,2006,0.146789997816086
Tajikistan,TJK,2007,0.148619994521141
Tajikistan,TJK,2008,0.14330999553203602
Tajikistan,TJK,2009,0.18435999751091
Tajikistan,TJK,2010,0.19918000698089602
Tajikistan,TJK,2011,0.195720002055168
Tajikistan,TJK,2012,0.20974999666214
Tanzania,TZA,2004,0.29616999626159696
Tanzania,TZA,2005,0.26662001013755804
Tanzania,TZA,2006,0.178320005536079
Tanzania,TZA,2007,0.205960005521774
Tanzania,TZA,2008,0.20040999352932
Tanzania,TZA,2009,0.175970003008842
Tanzania,TZA,2014,0.20983999967575098
Thailand,THA,1998,0.439310014247894
Thailand,THA,2000,0.5744900107383729
Thailand,THA,2001,0.495009988546371
Thailand,THA,2004,0.41971001029014604
Thailand,THA,2005,0.5370600223541261
Thailand,THA,2008,0.227029994130135
Thailand,THA,2009,0.24908000230789198
Thailand,THA,2010,0.20103000104427302
Thailand,THA,2011,0.268229991197586
Thailand,THA,2012,0.297789990901947
Thailand,THA,2013,0.223480001091957
Timor,TLS,2012,0.0117699997499585
Timor,TLS,2013,0.0696299970149994
Timor,TLS,2014,0.0904600024223328
Togo,TGO,2010,0.11644999682903301
Togo,TGO,2011,0.08914999663829799
Togo,TGO,2012,0.15634000301361098
Togo,TGO,2013,0.13583000004291498
Togo,TGO,2014,0.0701399967074394
Trinidad and Tobago,TTO,2000,0.171700000762939
Trinidad and Tobago,TTO,2001,0.0209199991077185
Trinidad and Tobago,TTO,2002,0.0160600002855062
Trinidad and Tobago,TTO,2003,0.0202600006014109
Trinidad and Tobago,TTO,2007,0.34847998619079606
Trinidad and Tobago,TTO,2008,0.0918100029230118
Trinidad and Tobago,TTO,2009,0.23687000572681402
Tunisia,TUN,1999,0.0036700000055134
Turkey,TUR,2004,0.0181200001388788
Turkmenistan,TKM,2012,0.856630027294159
Ukraine,UKR,2000,0.463930010795593
Ukraine,UKR,2001,0.517799973487854
Ukraine,UKR,2002,0.607680022716522
Ukraine,UKR,2003,0.6396999955177309
Ukraine,UKR,2004,0.5965899825096129
Ukraine,UKR,2005,0.665849983692169
Ukraine,UKR,2006,0.702950000762939
Ukraine,UKR,2007,0.7294999957084659
Ukraine,UKR,2008,0.760999977588654
Ukraine,UKR,2009,0.911499977111816
Ukraine,UKR,2011,0.9101300239562992
Ukraine,UKR,2012,1.04136002063751
Ukraine,UKR,2013,1.06895995140076
United Arab Emirates,ARE,1998,0.0784799978137016
United Arab Emirates,ARE,2011,0.176420003175735
United Arab Emirates,ARE,2012,0.16696000099182098
United Kingdom,GBR,1998,0.378859996795654
United Kingdom,GBR,1999,0.374940007925034
United Kingdom,GBR,2000,0.390460014343262
United Kingdom,GBR,2001,0.41359999775886497
United Kingdom,GBR,2002,0.425300002098084
United Kingdom,GBR,2003,0.331039994955063
United Kingdom,GBR,2004,0.331730008125305
United Kingdom,GBR,2005,0.304120004177094
United Kingdom,GBR,2006,0.305180013179779
United Kingdom,GBR,2007,0.34145000576973
United Kingdom,GBR,2008,0.28040000796318104
United Kingdom,GBR,2009,0.28762000799179105
United Kingdom,GBR,2010,0.308609992265701
United Kingdom,GBR,2011,0.320389986038208
United Kingdom,GBR,2013,0.307639986276627
United States,USA,1998,0.334289997816086
United States,USA,1999,0.330040007829666
United States,USA,2000,0.36265999078750605
United States,USA,2001,0.35659998655319197
United States,USA,2002,0.367269992828369
United States,USA,2003,0.31084999442100497
United States,USA,2004,0.306540012359619
United States,USA,2005,0.296130001544952
United States,USA,2006,0.318019986152649
United States,USA,2007,0.33443999290466303
United States,USA,2008,0.320120006799698
United States,USA,2009,0.327499985694885
United States,USA,2010,0.35280999541282704
United States,USA,2011,0.33581998944282504
United States,USA,2012,0.342249989509583
Uruguay,URY,1999,0.223389998078346
Uruguay,URY,2000,0.222430005669594
Uruguay,URY,2001,0.25990998744964605
Uruguay,URY,2002,0.258430004119873
Uruguay,URY,2003,0.21707999706268302
Uruguay,URY,2004,0.21818000078201302
Uruguay,URY,2005,0.241219997406006
Uruguay,URY,2006,0.250010013580322
Uruguay,URY,2011,0.442609995603561
Vanuatu,VUT,1998,0.0088299997150898
Vanuatu,VUT,2001,0.0080000003799796
Vanuatu,VUT,2008,0.0295400004833937
Vanuatu,VUT,2014,0.0050599998794496
Venezuela,VEN,2006,0.26789000630378695
Venezuela,VEN,2007,0.260540008544922
Venezuela,VEN,2009,0.7951800227165219
Vietnam,VNM,2008,0.42820000648498496
Vietnam,VNM,2010,0.679660022258759
Vietnam,VNM,2012,0.6222400069236761
Yemen,YEM,2011,0.0493599995970726