Entity,Code,Year,Government expenditure on secondary education as % of GDP (%)
Albania,ALB,2013,0.701640009880066
Algeria,DZA,1999,2.05296993255615
Algeria,DZA,2000,1.67496001720428
Algeria,DZA,2002,1.87599003314972
Algeria,DZA,2003,1.91256999969482
Andorra,AND,2002,0.274190008640289
Andorra,AND,2004,0.28753000497818
Andorra,AND,2005,0.329950004816055
Andorra,AND,2006,0.471560001373291
Andorra,AND,2007,0.5111899971961981
Andorra,AND,2009,0.8266500234603879
Andorra,AND,2010,0.6418099999427801
Andorra,AND,2011,0.6747300028800961
Andorra,AND,2013,0.867990016937256
Andorra,AND,2014,0.6284000277519229
Angola,AGO,2005,1.17068004608154
Angola,AGO,2006,0.967890024185181
Antigua and Barbuda,ATG,1999,1.20680999755859
Antigua and Barbuda,ATG,2002,1.2111300230026203
Antigua and Barbuda,ATG,2009,1.2361700534820599
Antigua and Barbuda,ATG,2011,0.938530027866364
Argentina,ARG,1998,1.34174001216888
Argentina,ARG,1999,1.66881000995636
Argentina,ARG,2000,1.63531994819641
Argentina,ARG,2001,1.77037000656128
Argentina,ARG,2002,1.5764800310134899
Argentina,ARG,2003,1.31714999675751
Argentina,ARG,2004,1.19314002990723
Argentina,ARG,2005,1.44823002815247
Argentina,ARG,2006,1.46276998519897
Argentina,ARG,2007,1.52913999557495
Argentina,ARG,2008,1.70013999938965
Argentina,ARG,2009,1.99380004405975
Argentina,ARG,2010,1.8264299631118799
Argentina,ARG,2011,2.0180599689483603
Argentina,ARG,2012,2.06196999549866
Argentina,ARG,2013,2.2192599773407005
Armenia,ARM,2012,1.50941002368927
Armenia,ARM,2013,1.29542994499207
Armenia,ARM,2014,1.22021996974945
Aruba,ABW,1998,1.19068002700806
Aruba,ABW,1999,1.28446996212006
Aruba,ABW,2000,1.3058799505233798
Aruba,ABW,2001,1.4005600214004499
Aruba,ABW,2002,1.3793799877166701
Aruba,ABW,2004,1.25302994251251
Aruba,ABW,2005,1.2529599666595501
Australia,AUS,2000,1.88883996009827
Australia,AUS,2005,1.9509199857711799
Australia,AUS,2006,1.8789999485015902
Australia,AUS,2007,1.8148800134658798
Australia,AUS,2008,1.78998005390167
Australia,AUS,2009,1.9240800142288201
Australia,AUS,2010,2.04874992370605
Australia,AUS,2011,1.86581003665924
Australia,AUS,2012,1.72657001018524
Australia,AUS,2013,1.7427400350570699
Austria,AUT,1998,2.69646000862122
Austria,AUT,1999,2.7461600303649902
Austria,AUT,2000,2.54295992851257
Austria,AUT,2001,2.52539992332459
Austria,AUT,2002,2.5293400287628196
Austria,AUT,2003,2.63384008407593
Austria,AUT,2004,2.51571989059448
Austria,AUT,2005,2.42158007621765
Austria,AUT,2006,2.44677996635437
Austria,AUT,2007,2.39597010612488
Austria,AUT,2008,2.4513099193573
Austria,AUT,2009,2.6953299045562704
Austria,AUT,2010,2.5396099090576203
Austria,AUT,2011,2.54907989501953
Austria,AUT,2012,2.27080011367798
Austria,AUT,2013,2.2930500507354705
Bangladesh,BGD,1999,0.80731999874115
Bangladesh,BGD,2000,0.7672700285911559
Bangladesh,BGD,2002,0.882619976997375
Bangladesh,BGD,2003,0.9407899975776669
Bangladesh,BGD,2004,0.940400004386902
Bangladesh,BGD,2006,0.925459980964661
Bangladesh,BGD,2007,0.8981099724769591
Bangladesh,BGD,2008,0.813440024852753
Bangladesh,BGD,2009,0.7797600030899051
Bangladesh,BGD,2010,0.975650012493134
Bangladesh,BGD,2011,0.92655998468399
Barbados,BRB,1999,1.4134600162506101
Barbados,BRB,2000,1.6427500247955302
Barbados,BRB,2001,1.94748997688293
Barbados,BRB,2002,1.9519100189209
Barbados,BRB,2003,2.1429901123046897
Barbados,BRB,2004,1.9175100326538101
Barbados,BRB,2005,1.7612500190734899
Barbados,BRB,2007,1.66183996200562
Barbados,BRB,2008,1.48644995689392
Barbados,BRB,2009,1.54185998439789
Barbados,BRB,2010,1.74114000797272
Barbados,BRB,2012,1.68353998661041
Barbados,BRB,2013,1.36819005012512
Barbados,BRB,2014,1.50855004787445
Belgium,BEL,2001,2.53280997276306
Belgium,BEL,2002,2.64403009414673
Belgium,BEL,2003,2.50460004806519
Belgium,BEL,2004,2.4979400634765603
Belgium,BEL,2005,2.4863500595092796
Belgium,BEL,2006,2.4840900897979705
Belgium,BEL,2007,2.51017999649048
Belgium,BEL,2008,2.7211699485778795
Belgium,BEL,2009,2.7788300514221205
Belgium,BEL,2010,2.7237100601196302
Belgium,BEL,2011,2.72997999191284
Belgium,BEL,2012,2.75524997711182
Belize,BLZ,1999,1.6911300420761102
Belize,BLZ,2000,1.59018003940582
Belize,BLZ,2004,2.0751399993896498
Belize,BLZ,2005,2.16448998451233
Belize,BLZ,2006,2.1925499439239498
Belize,BLZ,2008,2.29467010498047
Belize,BLZ,2009,2.43436002731323
Belize,BLZ,2010,2.7231600284576403
Belize,BLZ,2012,2.47725009918213
Belize,BLZ,2013,2.37119007110596
Benin,BEN,2000,0.742179989814758
Benin,BEN,2001,0.811420023441315
Benin,BEN,2002,0.7181299924850459
Benin,BEN,2003,0.836549997329712
Benin,BEN,2004,1.0064899921417199
Benin,BEN,2005,1.191890001297
Benin,BEN,2006,0.8644700050354001
Benin,BEN,2007,0.6264700293540949
Benin,BEN,2008,0.9166300296783451
Benin,BEN,2009,0.9387400150299069
Benin,BEN,2010,1.40733003616333
Benin,BEN,2012,1.0742599964141801
Benin,BEN,2013,1.2049700021743799
Benin,BEN,2014,1.15002000331879
Bermuda,BMU,1998,1.2832499742507901
Bermuda,BMU,2004,0.930000007152557
Bermuda,BMU,2005,1.03982996940613
Bermuda,BMU,2010,1.2009299993515
Bermuda,BMU,2014,0.7903900146484379
Bhutan,BTN,2005,3.60583996772766
Bhutan,BTN,2008,2.6738600730896
Bhutan,BTN,2009,2.5918800830841096
Bhutan,BTN,2010,2.16824007034302
Bhutan,BTN,2011,2.63983011245728
Bhutan,BTN,2013,3.0496199131012003
Bhutan,BTN,2014,3.28683996200562
Bolivia,BOL,1998,1.13416004180908
Bolivia,BOL,1999,1.19418001174927
Bolivia,BOL,2000,1.0108300447464
Bolivia,BOL,2001,1.1191899776458702
Bolivia,BOL,2002,1.4589300155639602
Bolivia,BOL,2003,1.55107998847961
Bolivia,BOL,2006,1.61540997028351
Bolivia,BOL,2008,1.83475995063782
Bolivia,BOL,2009,2.1008100509643604
Bolivia,BOL,2010,1.99805998802185
Bolivia,BOL,2011,2.0034499168396
Bolivia,BOL,2012,2.08507990837097
Bolivia,BOL,2013,2.08489990234375
Bolivia,BOL,2014,2.6475400924682595
Botswana,BWA,2005,4.23042011260986
Botswana,BWA,2007,3.91478991508484
Botswana,BWA,2009,3.14952993392944
Brazil,BRA,1998,1.78187000751495
Brazil,BRA,1999,1.3495299816131598
Brazil,BRA,2000,1.51391005516052
Brazil,BRA,2001,1.5403100252151498
Brazil,BRA,2002,1.51135003566742
Brazil,BRA,2004,1.5637300014495803
Brazil,BRA,2005,1.7364399433136002
Brazil,BRA,2006,2.13243007659912
Brazil,BRA,2007,2.1733200550079297
Brazil,BRA,2008,2.34973001480103
Brazil,BRA,2009,2.44076991081238
Brazil,BRA,2010,2.52238988876343
Brazil,BRA,2011,2.58956003189087
Brazil,BRA,2012,2.63888001441956
Brunei,BRN,2010,0.95744001865387
Brunei,BRN,2014,1.4568699598312398
Bulgaria,BGR,1998,1.23536002635956
Bulgaria,BGR,2001,1.58726000785828
Bulgaria,BGR,2002,1.5901700258254998
Bulgaria,BGR,2003,1.7896699905395501
Bulgaria,BGR,2004,0.9274500012397769
Bulgaria,BGR,2005,1.8904099464416497
Bulgaria,BGR,2006,1.7482600212097201
Bulgaria,BGR,2007,1.62660002708435
Bulgaria,BGR,2008,1.78709995746613
Bulgaria,BGR,2009,1.7440999746322599
Bulgaria,BGR,2010,1.68266999721527
Bulgaria,BGR,2011,1.48752999305725
Bulgaria,BGR,2012,1.37968003749847
Burkina Faso,BFA,2005,0.45765000581741294
Burkina Faso,BFA,2006,0.512870013713837
Burkina Faso,BFA,2007,0.7213000059127809
Burkina Faso,BFA,2010,0.709089994430542
Burkina Faso,BFA,2011,0.854669988155365
Burkina Faso,BFA,2012,0.742009997367859
Burkina Faso,BFA,2013,0.686909973621368
Burkina Faso,BFA,2014,0.760490000247955
Burundi,BDI,1999,1.29855000972748
Burundi,BDI,2000,0.9269000291824341
Burundi,BDI,2001,0.926580011844635
Burundi,BDI,2002,0.9609699845314029
Burundi,BDI,2004,1.10300004482269
Burundi,BDI,2005,1.20244002342224
Burundi,BDI,2008,1.2652499675750701
Burundi,BDI,2009,1.5731699466705302
Burundi,BDI,2010,1.8963799476623502
Burundi,BDI,2011,1.64075994491577
Burundi,BDI,2012,1.40959000587463
Burundi,BDI,2013,1.4520800113677998
Cambodia,KHM,1998,0.291720002889633
Cambodia,KHM,2001,0.19382999837398499
Cambodia,KHM,2010,0.457720011472702
Cambodia,KHM,2012,0.6889899969100949
Cambodia,KHM,2013,0.839559972286224
Cameroon,CMR,2005,1.62382996082306
Cameroon,CMR,2006,1.50313997268677
Cameroon,CMR,2007,1.7637699842453
Cameroon,CMR,2008,1.5992699861526498
Cameroon,CMR,2009,1.8647099733352699
Cameroon,CMR,2010,1.74733996391296
Cameroon,CMR,2011,1.4919500350952102
Cameroon,CMR,2012,1.5584100484848002
Canada,CAN,2011,1.3921500444412198
Cape Verde,CPV,2002,2.350830078125
Cape Verde,CPV,2006,2.52216005325317
Cape Verde,CPV,2007,2.1085999011993404
Cape Verde,CPV,2008,2.0181200504303
Cape Verde,CPV,2009,1.7497199773788499
Cape Verde,CPV,2011,1.87495005130768
Cape Verde,CPV,2013,2.0289099216461204
Central African Republic,CAF,2006,0.33559998869895896
Central African Republic,CAF,2007,0.38139000535011297
Central African Republic,CAF,2008,0.334289997816086
Central African Republic,CAF,2009,0.344819992780685
Central African Republic,CAF,2010,0.289029985666275
Chad,TCD,1998,0.42739999294281
Chad,TCD,2004,0.5870900154113771
Chad,TCD,2005,0.60139000415802
Chad,TCD,2009,0.655009984970093
Chad,TCD,2010,0.543169975280762
Chad,TCD,2011,0.789110004901886
Chad,TCD,2013,0.7044799923896791
Chile,CHL,1998,1.14285004138947
Chile,CHL,2000,1.27003002166748
Chile,CHL,2002,1.4154200553893999
Chile,CHL,2003,1.4783699512481698
Chile,CHL,2004,1.32590997219086
Chile,CHL,2005,1.25767004489899
Chile,CHL,2006,1.16730999946594
Chile,CHL,2007,1.23661005496979
Chile,CHL,2008,1.43623995780945
Chile,CHL,2009,1.4943100214004499
Chile,CHL,2010,1.3602499961853
Chile,CHL,2011,1.3208899497985802
Chile,CHL,2012,1.4997600317001298
Chile,CHL,2013,1.35135996341705
China,CHN,1998,0.5966100096702579
China,CHN,1999,0.709309995174408
Colombia,COL,1998,1.29531002044678
Colombia,COL,1999,1.4770200252533001
Colombia,COL,2000,1.1611800193786599
Colombia,COL,2001,1.2248899936676
Colombia,COL,2002,1.2533600330352799
Colombia,COL,2004,1.45620000362396
Colombia,COL,2005,1.4433000087738002
Colombia,COL,2006,1.13304996490479
Colombia,COL,2007,1.0533299446106
Colombia,COL,2008,1.5727499723434402
Colombia,COL,2009,1.66227996349335
Colombia,COL,2010,1.68048000335693
Colombia,COL,2011,1.61705005168915
Colombia,COL,2012,1.56565999984741
Colombia,COL,2013,1.7223500013351398
Colombia,COL,2014,1.7513600587844802
Comoros,COM,1998,1.5588999986648602
Comoros,COM,2002,1.55691003799438
Comoros,COM,2008,1.8444000482559197
Comoros,COM,2011,1.41008996963501
Comoros,COM,2012,1.41133999824524
Congo,COG,2002,0.9679099917411801
Congo,COG,2005,0.7561600208282471
Congo,COG,2010,3.3176500797271697
Costa Rica,CRI,1999,1.4203200340271003
Costa Rica,CRI,2000,1.2305500507354699
Costa Rica,CRI,2001,1.4442800283432
Costa Rica,CRI,2002,1.61646997928619
Costa Rica,CRI,2004,1.36202001571655
Costa Rica,CRI,2006,1.4004199504852302
Costa Rica,CRI,2007,1.48544001579285
Costa Rica,CRI,2008,1.5634000301361102
Costa Rica,CRI,2009,1.9676500558853103
Costa Rica,CRI,2010,2.14648008346558
Costa Rica,CRI,2011,2.15446996688843
Costa Rica,CRI,2012,2.2732300758361803
Costa Rica,CRI,2013,2.33207988739014
Costa Rica,CRI,2014,2.34498000144959
Cote d'Ivoire,CIV,1998,1.2595900297164901
Cote d'Ivoire,CIV,1999,1.52572000026703
Cote d'Ivoire,CIV,2000,1.2098100185394298
Cote d'Ivoire,CIV,2014,1.75476002693176
Cuba,CUB,1998,2.26813006401062
Cuba,CUB,1999,2.47883009910584
Cuba,CUB,2000,2.92494010925293
Cuba,CUB,2001,3.04148006439209
Cuba,CUB,2002,3.5243299007415803
Cuba,CUB,2004,3.66587996482849
Cuba,CUB,2005,3.9769299030303995
Cuba,CUB,2006,3.52044010162354
Cuba,CUB,2007,4.27481985092163
Cuba,CUB,2008,4.1310601234436
Cuba,CUB,2009,3.7333600521087598
Cuba,CUB,2010,3.73664999008179
Curacao,CUW,2013,1.67267000675201
Cyprus,CYP,1999,2.4249300956726096
Cyprus,CYP,2000,2.5234899520874
Cyprus,CYP,2001,2.5879299640655495
Cyprus,CYP,2002,2.80914998054504
Cyprus,CYP,2003,3.0809500217437704
Cyprus,CYP,2004,2.80884003639221
Cyprus,CYP,2005,2.8469500541687
Cyprus,CYP,2006,2.80381989479065
Cyprus,CYP,2007,2.77954006195068
Cyprus,CYP,2008,2.89239001274109
Cyprus,CYP,2009,3.0231499671936
Cyprus,CYP,2010,2.8653900623321498
Cyprus,CYP,2011,2.83078002929688
Czechia,CZE,1998,1.75621998310089
Czechia,CZE,1999,1.8188400268554699
Czechia,CZE,2000,1.82144999504089
Czechia,CZE,2001,1.89584004878998
Czechia,CZE,2002,2.02240991592407
Czechia,CZE,2003,2.09758996963501
Czechia,CZE,2004,2.03839993476868
Czechia,CZE,2005,2.00049996376038
Czechia,CZE,2006,1.9940700531005902
Czechia,CZE,2007,1.8415700197219802
Czechia,CZE,2008,1.81359004974365
Czechia,CZE,2009,1.93909001350403
Czechia,CZE,2010,1.8629499673843402
Czechia,CZE,2011,1.83416998386383
Czechia,CZE,2012,1.8776700496673602
Democratic Republic of Congo,COD,2010,0.5405700206756591
Democratic Republic of Congo,COD,2013,0.32234999537467995
Denmark,DNK,1998,2.97084999084473
Denmark,DNK,1999,2.95775008201599
Denmark,DNK,2000,2.9702100753784197
Denmark,DNK,2001,2.7917699813842796
Denmark,DNK,2002,2.8165500164032
Denmark,DNK,2003,2.81085991859436
Denmark,DNK,2004,2.8677499294281
Denmark,DNK,2005,2.93791007995605
Denmark,DNK,2006,2.8582100868225098
Denmark,DNK,2007,2.7263801097869904
Denmark,DNK,2008,2.6893498897552504
Denmark,DNK,2009,2.85961008071899
Denmark,DNK,2010,2.97483992576599
Denmark,DNK,2011,2.7438199520111097
Djibouti,DJI,2008,1.5662699937820401
Djibouti,DJI,2010,1.6740700006485
Dominica,DMA,1998,3.2155599594116198
Dominica,DMA,2007,1.3227399587631201
Dominica,DMA,2008,1.54058003425598
Dominica,DMA,2009,1.4079600572586102
Dominica,DMA,2010,1.45246994495392
Dominica,DMA,2012,5.05168008804321
Dominican Republic,DOM,2004,0.28123000264167797
Dominican Republic,DOM,2005,0.434069991111755
Dominican Republic,DOM,2007,0.368270009756088
Dominican Republic,DOM,2008,0.567229986190796
Dominican Republic,DOM,2009,0.662750005722046
Dominican Republic,DOM,2010,0.590179979801178
Dominican Republic,DOM,2011,0.59485000371933
Dominican Republic,DOM,2012,0.726230025291443
Dominican Republic,DOM,2013,1.28462994098663
Dominican Republic,DOM,2014,1.2907500267028797
Ecuador,ECU,1999,0.6133700013160711
Ecuador,ECU,2000,0.39770999550819397
Ecuador,ECU,2010,1.4270600080490101
Ecuador,ECU,2011,1.7154899835586501
Ecuador,ECU,2012,1.71786999702454
Ecuador,ECU,2013,2.10492992401123
Ecuador,ECU,2014,0.740360021591187
El Salvador,SLV,1998,0.5450199842453
El Salvador,SLV,2000,0.528869986534119
El Salvador,SLV,2002,0.740440011024475
El Salvador,SLV,2003,0.72504997253418
El Salvador,SLV,2005,0.7948200106620792
El Salvador,SLV,2006,0.693830013275146
El Salvador,SLV,2007,0.823769986629486
El Salvador,SLV,2008,0.8248999714851379
El Salvador,SLV,2009,1.14113998413086
El Salvador,SLV,2010,1.04929995536804
Equatorial Guinea,GNQ,1998,0.6722599864006039
Eritrea,ERI,2001,1.27373003959656
Eritrea,ERI,2002,1.24788999557495
Eritrea,ERI,2004,0.664250016212463
Estonia,EST,1998,1.8578200340271003
Estonia,EST,1999,2.2798099517822297
Estonia,EST,2001,2.15614008903503
Estonia,EST,2002,2.2390899658203103
Estonia,EST,2003,2.3494200706481903
Estonia,EST,2004,2.2722599506378196
Estonia,EST,2005,2.11803007125854
Estonia,EST,2007,1.9524300098419198
Estonia,EST,2008,2.28213000297546
Estonia,EST,2009,2.39684009552002
Estonia,EST,2010,2.21762990951538
Estonia,EST,2011,1.82784998416901
Estonia,EST,2012,1.70882999897003
Eswatini,SWZ,1999,1.36968994140625
Eswatini,SWZ,2000,1.53361999988556
Eswatini,SWZ,2001,1.8394900560379
Eswatini,SWZ,2002,1.5783699750900302
Eswatini,SWZ,2003,2.79703998565674
Eswatini,SWZ,2004,1.7937300205230702
Eswatini,SWZ,2005,2.59127998352051
Eswatini,SWZ,2006,2.54095005989075
Eswatini,SWZ,2008,2.52027988433838
Eswatini,SWZ,2009,2.44546008110046
Eswatini,SWZ,2010,2.47299003601074
Eswatini,SWZ,2011,3.1703200340271
Ethiopia,ETH,2009,1.07580995559692
Ethiopia,ETH,2010,1.12486004829407
Ethiopia,ETH,2011,1.40408003330231
Ethiopia,ETH,2012,1.40855002403259
Ethiopia,ETH,2013,1.3184100389480602
Fiji,FJI,2004,2.0096800327301003
Fiji,FJI,2011,0.665380001068115
Finland,FIN,1999,2.31660008430481
Finland,FIN,2000,2.2171399593353303
Finland,FIN,2001,2.34221005439758
Finland,FIN,2002,2.44335007667542
Finland,FIN,2003,2.53385996818542
Finland,FIN,2004,2.53116011619568
Finland,FIN,2005,2.53117990493774
Finland,FIN,2006,2.50551009178162
Finland,FIN,2007,2.4205300807952903
Finland,FIN,2008,2.50219988822937
Finland,FIN,2009,2.7573900222778303
Finland,FIN,2010,2.77638006210327
Finland,FIN,2011,2.7234299182891806
Finland,FIN,2013,1.07797002792358
France,FRA,1999,2.82360005378723
France,FRA,2000,2.75265002250671
France,FRA,2001,2.6998500823974596
France,FRA,2002,2.68824005126953
France,FRA,2003,2.8011701107025098
France,FRA,2004,2.71175003051758
France,FRA,2005,2.5917301177978502
France,FRA,2006,2.5552999973297097
France,FRA,2007,2.4643099308013903
France,FRA,2008,2.47426009178162
France,FRA,2009,2.59688997268677
France,FRA,2010,2.55940008163452
France,FRA,2011,2.44810009002686
France,FRA,2012,2.42470002174377
Gabon,GAB,1998,1.03024995326996
Gambia,GMB,2001,0.17151999473571802
Gambia,GMB,2002,0.22065000236034402
Gambia,GMB,2003,0.25955000519752497
Gambia,GMB,2004,0.23060999810695604
Gambia,GMB,2005,0.263099998235703
Gambia,GMB,2006,0.264560014009476
Gambia,GMB,2007,0.27878999710083
Gambia,GMB,2008,1.0240299701690698
Gambia,GMB,2009,0.923420011997223
Gambia,GMB,2010,0.971930027008057
Gambia,GMB,2011,1.05888998508453
Gambia,GMB,2012,1.28249001502991
Gambia,GMB,2013,0.982439994812012
Georgia,GEO,2008,1.07934999465942
Georgia,GEO,2011,0.783100008964539
Georgia,GEO,2012,0.637220025062561
Germany,DEU,1998,1.9799599647522
Germany,DEU,2006,2.0161900520324703
Germany,DEU,2007,2.04637002944946
Germany,DEU,2008,2.02977991104126
Germany,DEU,2009,2.25490999221802
Germany,DEU,2010,2.2380599975585898
Germany,DEU,2011,2.1420700550079297
Germany,DEU,2012,2.13177990913391
Ghana,GHA,2001,2.11904001235962
Ghana,GHA,2004,2.57206988334656
Ghana,GHA,2005,2.41336989402771
Ghana,GHA,2006,1.9595400094986
Ghana,GHA,2007,1.92221999168396
Ghana,GHA,2008,1.95552003383636
Ghana,GHA,2009,2.02153992652893
Ghana,GHA,2010,2.0565199851989697
Ghana,GHA,2011,2.22697997093201
Ghana,GHA,2012,3.22964000701904
Ghana,GHA,2013,2.92351007461548
Greece,GRC,1998,0.965030014514923
Greece,GRC,1999,1.03434002399445
Greece,GRC,2000,1.3100899457931499
Greece,GRC,2001,1.1902099847793601
Greece,GRC,2002,1.1690000295639
Greece,GRC,2003,1.25010001659393
Greece,GRC,2004,1.23377001285553
Greece,GRC,2005,1.3455100059509297
Grenada,GRD,2003,1.40481996536255
Guatemala,GTM,2000,0.191729992628098
Guatemala,GTM,2001,0.24969999492168402
Guatemala,GTM,2002,0.205899998545647
Guatemala,GTM,2004,0.23950000107288397
Guatemala,GTM,2005,0.257620006799698
Guatemala,GTM,2006,0.30153998732566806
Guatemala,GTM,2007,0.383020013570786
Guatemala,GTM,2008,0.408230006694794
Guatemala,GTM,2010,0.41528999805450395
Guatemala,GTM,2011,0.36623999476432795
Guatemala,GTM,2012,0.3864699900150301
Guatemala,GTM,2013,0.4066500067710879
Guinea,GIN,2008,0.34112998843193104
Guinea,GIN,2009,0.7748900055885309
Guinea,GIN,2010,0.9177299737930301
Guinea,GIN,2011,0.6592299938201899
Guinea,GIN,2012,0.567860007286072
Guinea,GIN,2013,0.89055997133255
Guinea-Bissau,GNB,2010,0.86997002363205
Guinea-Bissau,GNB,2011,0.766139984130859
Guinea-Bissau,GNB,2012,0.751699984073639
Guinea-Bissau,GNB,2013,0.7172200083732609
Guyana,GUY,2002,1.97711002826691
Guyana,GUY,2004,1.4633500576019298
Guyana,GUY,2006,1.64648997783661
Guyana,GUY,2007,1.00673997402191
Guyana,GUY,2009,1.02278995513916
Guyana,GUY,2010,1.2241899967193601
Guyana,GUY,2011,1.1986500024795501
Guyana,GUY,2012,1.06203997135162
Honduras,HND,2013,1.48580002784729
Hong Kong,HKG,2002,1.2789000272750901
Hong Kong,HKG,2003,1.3776700496673602
Hong Kong,HKG,2004,1.48129999637604
Hong Kong,HKG,2005,1.3981499671936002
Hong Kong,HKG,2006,1.27382004261017
Hong Kong,HKG,2007,1.17524003982544
Hong Kong,HKG,2008,1.11039996147156
Hong Kong,HKG,2009,1.18055999279022
Hong Kong,HKG,2010,1.24737000465393
Hong Kong,HKG,2011,1.20134997367859
Hong Kong,HKG,2012,1.17849004268646
Hong Kong,HKG,2013,1.14646005630493
Hong Kong,HKG,2014,1.1184999942779499
Hungary,HUN,1998,1.7864600419998202
Hungary,HUN,1999,1.8356499671936002
Hungary,HUN,2000,1.9725300073623702
Hungary,HUN,2001,1.93128001689911
Hungary,HUN,2002,2.04653000831604
Hungary,HUN,2003,2.66231989860535
Hungary,HUN,2004,2.20635008811951
Hungary,HUN,2005,2.16153001785278
Hungary,HUN,2006,2.15388989448547
Hungary,HUN,2007,2.14357995986938
Hungary,HUN,2008,2.07558989524841
Hungary,HUN,2009,2.0302500724792503
Hungary,HUN,2010,1.9341900348663301
Hungary,HUN,2011,1.82131004333496
Hungary,HUN,2012,1.7140200138091999
Iceland,ISL,1999,2.19146990776062
Iceland,ISL,2000,2.11166000366211
Iceland,ISL,2001,2.3631799221038796
Iceland,ISL,2002,2.53993010520935
Iceland,ISL,2003,2.53223991394043
Iceland,ISL,2004,2.4983301162719704
Iceland,ISL,2005,2.48461008071899
Iceland,ISL,2006,2.47883009910584
Iceland,ISL,2007,2.30028009414673
Iceland,ISL,2008,2.31585001945496
Iceland,ISL,2009,2.3516800403595
Iceland,ISL,2010,2.24720001220703
Iceland,ISL,2011,2.2374498844146697
India,IND,1999,1.64034998416901
India,IND,2000,1.70395004749298
India,IND,2001,1.6126099824905402
India,IND,2003,1.47960996627808
India,IND,2004,1.37126004695892
India,IND,2005,1.3440300226211501
India,IND,2006,1.3135600090026898
India,IND,2009,1.12114000320435
India,IND,2010,1.22775995731354
India,IND,2011,1.3761899471283001
India,IND,2012,1.48175001144409
Indonesia,IDN,2007,0.7643200159072879
Indonesia,IDN,2008,0.7330099940299991
Indonesia,IDN,2009,0.8987799882888791
Indonesia,IDN,2010,0.6839600205421451
Indonesia,IDN,2011,0.7688999772071842
Indonesia,IDN,2012,0.887229979038239
Indonesia,IDN,2013,0.876500010490417
Indonesia,IDN,2014,0.8834199905395509
Iran,IRN,2001,1.41779005527496
Iran,IRN,2002,1.6293300390243501
Iran,IRN,2003,1.57108998298645
Iran,IRN,2004,1.5417000055313101
Iran,IRN,2005,1.4530500173568701
Iran,IRN,2006,2.07018995285034
Iran,IRN,2007,2.2793700695037797
Iran,IRN,2008,1.9836499691009502
Iran,IRN,2009,1.97086000442505
Iran,IRN,2010,1.9039100408554097
Iran,IRN,2011,1.43708002567291
Iran,IRN,2012,1.33589994907379
Iran,IRN,2013,1.4273099899291999
Iran,IRN,2014,1.1666100025177
Ireland,IRL,1998,1.612419962883
Ireland,IRL,1999,1.51329004764557
Ireland,IRL,2000,1.41194999217987
Ireland,IRL,2001,1.40886998176575
Ireland,IRL,2002,1.41250002384186
Ireland,IRL,2003,1.48281002044678
Ireland,IRL,2004,1.5842800140380902
Ireland,IRL,2005,1.57716000080109
Ireland,IRL,2006,1.5819799900054898
Ireland,IRL,2007,1.61943995952606
Ireland,IRL,2008,1.8998999595642099
Ireland,IRL,2009,2.072429895401
Ireland,IRL,2010,2.06100988388062
Ireland,IRL,2011,1.9570399522781399
Ireland,IRL,2012,1.93027997016907
Israel,ISR,1998,1.9548100233078
Israel,ISR,1999,1.92281997203827
Israel,ISR,2000,1.8367199897766102
Israel,ISR,2001,1.8963400125503502
Israel,ISR,2002,1.92866003513336
Israel,ISR,2003,1.8389500379562398
Israel,ISR,2004,1.75106000900269
Israel,ISR,2005,1.66158998012543
Israel,ISR,2006,1.6569999456405602
Israel,ISR,2007,1.5138200521469098
Israel,ISR,2008,1.5996400117874099
Israel,ISR,2009,1.47081005573273
Israel,ISR,2010,1.41805994510651
Israel,ISR,2011,1.41519999504089
Israel,ISR,2012,1.48266005516052
Israel,ISR,2013,1.5070600509643601
Italy,ITA,1998,2.08713006973267
Italy,ITA,1999,2.08402991294861
Italy,ITA,2000,1.9805999994278
Italy,ITA,2001,2.27328991889954
Italy,ITA,2002,2.0488600730896
Italy,ITA,2003,2.14219999313354
Italy,ITA,2004,2.02225995063782
Italy,ITA,2005,1.9751000404357901
Italy,ITA,2006,2.0970699787139897
Italy,ITA,2007,1.85555005073547
Italy,ITA,2008,1.96243000030518
Italy,ITA,2009,1.95473003387451
Italy,ITA,2010,1.8673499822616597
Italy,ITA,2011,1.7585099935531598
Italy,ITA,2012,1.7534600496292099
Jamaica,JAM,2003,1.75697994232178
Jamaica,JAM,2004,1.6400899887084999
Jamaica,JAM,2005,1.7529599666595501
Jamaica,JAM,2007,1.93070995807648
Jamaica,JAM,2008,2.6395099163055398
Jamaica,JAM,2009,2.29667997360229
Jamaica,JAM,2010,2.32982993125916
Jamaica,JAM,2011,2.49360990524292
Jamaica,JAM,2012,2.3963899612426802
Jamaica,JAM,2013,2.4879100322723398
Jamaica,JAM,2014,1.8951599597930902
Japan,JPN,1998,1.4440100193023702
Japan,JPN,1999,1.45807003974915
Japan,JPN,2000,1.44605994224548
Japan,JPN,2001,1.42078995704651
Japan,JPN,2002,1.42757999897003
Japan,JPN,2003,1.41884005069733
Japan,JPN,2004,1.3768999576568601
Japan,JPN,2005,1.3368599414825402
Japan,JPN,2006,1.31825995445251
Japan,JPN,2007,1.3030300140380902
Japan,JPN,2008,1.2889499664306598
Japan,JPN,2010,1.39112997055054
Japan,JPN,2011,1.44493997097015
Japan,JPN,2012,1.46853005886078
Japan,JPN,2013,1.4650599956512498
Japan,JPN,2014,1.4225800037384
Jordan,JOR,1998,1.9315799474716202
Jordan,JOR,1999,1.95797002315521
Jordan,JOR,2001,2.0735700130462598
Jordan,JOR,2002,2.04801988601685
Jordan,JOR,2003,2.22678995132446
Jordan,JOR,2004,2.0473399162292503
Jordan,JOR,2005,2.2031800746917702
Jordan,JOR,2006,1.90898001194
Jordan,JOR,2007,1.9129899740219098
Jordan,JOR,2008,1.7901200056076003
Jordan,JOR,2009,1.76929998397827
Jordan,JOR,2011,1.75314998626709
Kazakhstan,KAZ,2013,1.85452997684479
Kazakhstan,KAZ,2014,1.90883004665375
Kenya,KEN,2000,0.900499999523163
Kenya,KEN,2001,1.01010000705719
Kenya,KEN,2003,1.3541100025177
Kenya,KEN,2004,1.59113001823425
Kenya,KEN,2006,1.52823996543884
Kuwait,KWT,2002,2.4056799411773704
Kuwait,KWT,2003,2.3192400932312003
Kuwait,KWT,2004,1.9836000204086297
Kuwait,KWT,2005,1.71661996841431
Kuwait,KWT,2006,1.3615499734878502
Kuwait,KWT,2008,1.3940900564193701
Kuwait,KWT,2011,1.95490002632141
Kyrgyzstan,KGZ,2013,3.6864600181579603
Laos,LAO,2002,0.536700010299683
Latvia,LVA,1998,2.3731300830841096
Latvia,LVA,1999,2.4555699825286896
Latvia,LVA,2000,2.57449007034302
Latvia,LVA,2001,2.81807994842529
Latvia,LVA,2002,2.9680199623107897
Latvia,LVA,2003,2.77069997787476
Latvia,LVA,2004,2.7430999279022203
Latvia,LVA,2006,2.03041005134583
Latvia,LVA,2007,1.93654000759125
Latvia,LVA,2008,2.19984006881714
Latvia,LVA,2009,2.24480009078979
Latvia,LVA,2010,1.95256996154785
Latvia,LVA,2011,1.71634995937347
Latvia,LVA,2012,1.53264999389648
Latvia,LVA,2013,1.60871005058289
Lebanon,LBN,2012,0.322470009326935
Lebanon,LBN,2013,0.43972000479698203
Lesotho,LSO,1999,3.0580599308013903
Lesotho,LSO,2000,3.18028998374939
Lesotho,LSO,2001,2.56331992149353
Lesotho,LSO,2005,2.7026000022888197
Lesotho,LSO,2006,2.47451996803284
Lesotho,LSO,2008,2.66390991210938
Liberia,LBR,2007,0.36860001087188704
Liberia,LBR,2012,0.951030015945435
Liechtenstein,LIE,2003,1.04753994941711
Liechtenstein,LIE,2004,1.0354800224304201
Liechtenstein,LIE,2006,0.970589995384216
Liechtenstein,LIE,2007,0.907729983329773
Liechtenstein,LIE,2008,1.07306003570557
Liechtenstein,LIE,2010,1.12799000740051
Liechtenstein,LIE,2011,1.21229004859924
Lithuania,LTU,2003,2.5764000415802
Lithuania,LTU,2004,2.63996005058289
Lithuania,LTU,2005,2.46392011642456
Lithuania,LTU,2006,2.4475300312042205
Lithuania,LTU,2007,2.3130300045013397
Lithuania,LTU,2008,2.50731992721558
Lithuania,LTU,2009,2.91723990440369
Lithuania,LTU,2010,2.3771100044250497
Lithuania,LTU,2011,2.07021999359131
Lithuania,LTU,2012,1.8913600444793701
Luxembourg,LUX,2003,1.8207999467849698
Luxembourg,LUX,2004,1.7378000020980802
Luxembourg,LUX,2005,1.76421999931335
Luxembourg,LUX,2006,1.60230004787445
Luxembourg,LUX,2007,1.4897199869155902
Luxembourg,LUX,2008,1.8153599500656101
Luxembourg,LUX,2009,1.90050005912781
Luxembourg,LUX,2010,1.6967799663543701
Luxembourg,LUX,2011,1.50773000717163
Macao,MAC,1998,1.0717099905014
Macao,MAC,2000,0.9188799858093258
Macao,MAC,2012,1.06442999839783
Macao,MAC,2013,1.1339499950408898
Madagascar,MDG,1998,0.598810017108917
Madagascar,MDG,2005,0.728200018405914
Madagascar,MDG,2006,0.593119978904724
Madagascar,MDG,2007,0.536939978599548
Madagascar,MDG,2008,0.6425899863243101
Madagascar,MDG,2009,0.578360021114349
Madagascar,MDG,2011,0.620530009269714
Madagascar,MDG,2012,0.5285300016403199
Malawi,MWI,1999,0.503719985485077
Malawi,MWI,2000,1.12520003318787
Malawi,MWI,2001,1.0142999887466402
Malawi,MWI,2003,0.8901900053024291
Malawi,MWI,2010,1.04946005344391
Malawi,MWI,2011,1.62755000591278
Malawi,MWI,2013,1.8814799785613998
Malawi,MWI,2014,1.6964099407196
Malaysia,MYS,2000,2.06063008308411
Malaysia,MYS,2001,2.5002999305725098
Malaysia,MYS,2002,2.5661599636077903
Malaysia,MYS,2003,2.5601201057434104
Malaysia,MYS,2004,2.07895994186401
Malaysia,MYS,2006,1.32602000236511
Malaysia,MYS,2007,1.2882699966430702
Malaysia,MYS,2008,1.11765003204346
Malaysia,MYS,2009,1.9598799943923997
Malaysia,MYS,2010,1.67452001571655
Malaysia,MYS,2011,1.7608300447463998
Malaysia,MYS,2013,2.08029007911682
Maldives,MDV,2006,1.98028004169464
Maldives,MDV,2008,1.9133100509643601
Mali,MLI,1998,1.0518499612808199
Mali,MLI,1999,1.03702998161316
Mali,MLI,2008,1.6609100103378303
Mali,MLI,2009,1.72609996795654
Mali,MLI,2010,2.07267999649048
Mali,MLI,2011,1.73790001869202
Mali,MLI,2012,1.67122995853424
Mali,MLI,2013,1.5969899892807
Mali,MLI,2014,1.4834699630737298
Malta,MLT,1998,1.88770997524261
Malta,MLT,2002,2.03471994400024
Malta,MLT,2004,1.90940999984741
Malta,MLT,2007,2.77987003326416
Malta,MLT,2008,3.0514600276947004
Malta,MLT,2009,2.5734500885009797
Malta,MLT,2010,3.1591899394989
Malta,MLT,2011,5.1432199478149405
Malta,MLT,2012,3.14766001701355
Marshall Islands,MHL,2002,3.3727600574493395
Mauritania,MRT,1999,0.765009999275208
Mauritania,MRT,2005,0.644469976425171
Mauritania,MRT,2008,0.909070014953613
Mauritania,MRT,2010,0.836329996585846
Mauritania,MRT,2011,0.6496999859809879
Mauritania,MRT,2012,0.85861998796463
Mauritania,MRT,2013,0.76433002948761
Mauritius,MUS,2001,1.28937995433807
Mauritius,MUS,2002,1.1923199892044098
Mauritius,MUS,2003,1.78439998626709
Mauritius,MUS,2004,1.79921996593475
Mauritius,MUS,2005,1.85629999637604
Mauritius,MUS,2006,1.7597199678421
Mauritius,MUS,2008,1.5583699941635099
Mauritius,MUS,2009,1.51350998878479
Mauritius,MUS,2010,1.92462003231049
Mauritius,MUS,2011,1.6616499423980702
Mauritius,MUS,2012,1.8732199668884297
Mauritius,MUS,2013,2.00248003005981
Mauritius,MUS,2014,3.0716600418090803
Mexico,MEX,1998,1.2978800535202
Mexico,MEX,1999,1.0660699605941801
Mexico,MEX,2001,1.5236599445343
Mexico,MEX,2002,1.33219003677368
Mexico,MEX,2003,1.5137399435043302
Mexico,MEX,2004,1.4181900024414098
Mexico,MEX,2005,1.4851499795913703
Mexico,MEX,2006,1.41481995582581
Mexico,MEX,2007,1.3959699869155902
Mexico,MEX,2008,1.3948600292205802
Mexico,MEX,2009,1.5809799432754499
Mexico,MEX,2010,1.5725599527359
Mexico,MEX,2011,1.58041000366211
Moldova,MDA,2007,3.94181990623474
Moldova,MDA,2008,3.07442998886108
Moldova,MDA,2009,3.6263399124145494
Moldova,MDA,2010,3.39859008789063
Moldova,MDA,2011,3.11268997192383
Moldova,MDA,2012,2.91155004501343
Moldova,MDA,2014,2.6749498844146697
Monaco,MCO,1998,0.645039975643158
Monaco,MCO,1999,0.6272600293159479
Monaco,MCO,2000,0.611140012741089
Monaco,MCO,2004,0.5700700283050539
Monaco,MCO,2009,0.518130004405975
Monaco,MCO,2010,0.498340010643005
Monaco,MCO,2011,0.8186299800872799
Monaco,MCO,2012,1.0294699668884302
Monaco,MCO,2013,0.6984300017356869
Monaco,MCO,2014,0.41962999105453497
Mongolia,MNG,2004,1.4199500083923302
Mongolia,MNG,2010,1.56356000900269
Mongolia,MNG,2011,1.40050995349884
Morocco,MAR,1998,2.3080899715423597
Morocco,MAR,1999,2.3279800415039102
Morocco,MAR,2001,2.3603498935699503
Morocco,MAR,2002,2.5191099643707298
Morocco,MAR,2003,2.4783399105072
Morocco,MAR,2004,2.46005010604858
Morocco,MAR,2005,3.64795994758606
Morocco,MAR,2006,2.36372995376587
Morocco,MAR,2007,2.5665500164032005
Morocco,MAR,2008,2.30092000961304
Morocco,MAR,2009,2.2056500911712598
Morocco,MAR,2010,2.4979400634765603
Morocco,MAR,2011,2.5205099582672097
Morocco,MAR,2012,2.75253009796143
Morocco,MAR,2013,2.70108008384705
Mozambique,MOZ,2006,1.25109004974365
Mozambique,MOZ,2012,1.7881400585174598
Mozambique,MOZ,2013,1.9831600189209
Namibia,NAM,1999,1.97099995613098
Namibia,NAM,2000,1.90337002277374
Namibia,NAM,2001,1.88197994232178
Namibia,NAM,2002,1.6599199771881101
Namibia,NAM,2003,1.5781999826431299
Namibia,NAM,2006,1.3844699859619098
Namibia,NAM,2008,1.2111200094223
Namibia,NAM,2010,1.9657900333404499
Nepal,NPL,1998,0.659430027008057
Nepal,NPL,1999,0.712960004806519
Nepal,NPL,2000,0.6532700061798101
Nepal,NPL,2001,0.8464999794960021
Nepal,NPL,2002,0.727569997310638
Nepal,NPL,2003,0.6872400045394901
Nepal,NPL,2008,0.9194499850273129
Nepal,NPL,2009,1.09642004966736
Nepal,NPL,2014,1.66402995586395
Netherlands,NLD,1998,1.79772996902466
Netherlands,NLD,1999,1.78791999816895
Netherlands,NLD,2000,1.8404899835586501
Netherlands,NLD,2001,1.8895800113677998
Netherlands,NLD,2002,1.91295003890991
Netherlands,NLD,2003,1.95816004276276
Netherlands,NLD,2004,2.00618004798889
Netherlands,NLD,2005,2.03319001197815
Netherlands,NLD,2006,2.02294993400574
Netherlands,NLD,2007,2
Netherlands,NLD,2008,2.06235003471375
Netherlands,NLD,2009,2.2330200672149703
Netherlands,NLD,2010,2.26017999649048
Netherlands,NLD,2011,2.22367000579834
Netherlands,NLD,2012,2.21933007240295
Netherlands,NLD,2013,2.28231000900269
New Zealand,NZL,1999,2.66956996917725
New Zealand,NZL,2000,2.5410399436950697
New Zealand,NZL,2001,2.6333799362182595
New Zealand,NZL,2002,2.50203990936279
New Zealand,NZL,2003,2.6062500476837203
New Zealand,NZL,2004,2.7132198810577406
New Zealand,NZL,2005,2.67085003852844
New Zealand,NZL,2006,2.50446009635925
New Zealand,NZL,2007,2.3819899559021
New Zealand,NZL,2008,2.13878989219666
New Zealand,NZL,2009,2.3531498908996604
New Zealand,NZL,2010,2.7273199558258097
New Zealand,NZL,2011,2.66845989227295
New Zealand,NZL,2012,2.8256399631500204
New Zealand,NZL,2014,2.46765995025635
Nicaragua,NIC,2005,0.239570006728172
Nicaragua,NIC,2006,0.28477001190185497
Nicaragua,NIC,2010,0.594569981098175
Niger,NER,2006,0.7184699773788449
Niger,NER,2007,0.781610012054443
Niger,NER,2008,0.778249979019165
Niger,NER,2009,0.947130024433136
Niger,NER,2010,0.7944599986076359
Niger,NER,2011,1.02140998840332
Niger,NER,2012,1.03127002716064
Niger,NER,2013,1.23162996768951
Niger,NER,2014,1.97374999523163
Norway,NOR,1998,2.4805600643158
Norway,NOR,2002,2.4651000499725297
Norway,NOR,2003,2.6746599674224902
Norway,NOR,2004,2.56274008750916
Norway,NOR,2005,2.44998002052307
Norway,NOR,2006,2.24426007270813
Norway,NOR,2007,2.2855699062347403
Norway,NOR,2008,2.1894900798797603
Norway,NOR,2009,2.4935998916626
Norway,NOR,2010,2.38481998443604
Norway,NOR,2011,2.27505993843079
Oman,OMN,1998,2.08639001846313
Oman,OMN,1999,2.1151499748230003
Oman,OMN,2001,2.11448001861572
Oman,OMN,2002,1.8686599731445301
Oman,OMN,2004,1.72078001499176
Oman,OMN,2005,1.4711300134658798
Oman,OMN,2009,1.68192994594574
Oman,OMN,2010,1.38631999492645
Oman,OMN,2011,1.6290899515151998
Oman,OMN,2013,1.6097400188446
Pakistan,PAK,2013,0.626689970493317
Pakistan,PAK,2014,0.823329985141754
Palau,PLW,2001,0.719609975814819
Panama,PAN,1999,1.5173300504684402
Panama,PAN,2000,1.7081500291824299
Panama,PAN,2001,1.14751005172729
Panama,PAN,2002,1.29695999622345
Panama,PAN,2004,0.983240008354187
Panama,PAN,2007,1.1026699542999299
Panama,PAN,2011,0.7386299967765809
Paraguay,PRY,2000,1.3671300411224399
Paraguay,PRY,2001,1.22680997848511
Paraguay,PRY,2002,1.09889996051788
Paraguay,PRY,2003,1.12506997585297
Paraguay,PRY,2004,1.02430999279022
Paraguay,PRY,2007,1.2532399892807
Paraguay,PRY,2010,1.36125004291534
Paraguay,PRY,2011,1.55157995223999
Paraguay,PRY,2012,1.6373900175094598
Peru,PER,1998,0.986880004405975
Peru,PER,1999,0.9316400289535519
Peru,PER,2000,0.929820001125336
Peru,PER,2001,0.906300008296967
Peru,PER,2002,0.865459978580475
Peru,PER,2003,0.8859800100326541
Peru,PER,2004,0.9403899908065799
Peru,PER,2005,0.904280006885529
Peru,PER,2006,0.950240015983582
Peru,PER,2007,0.93902999162674
Peru,PER,2008,0.946979999542236
Peru,PER,2009,1.04799997806549
Peru,PER,2010,0.974259972572327
Peru,PER,2011,0.8421700000762941
Peru,PER,2012,0.9310600161552429
Peru,PER,2013,0.935829997062683
Peru,PER,2014,1.1250499486923202
Philippines,PHL,2000,0.7125399708747859
Philippines,PHL,2001,0.663500010967255
Philippines,PHL,2002,0.665759980678558
Philippines,PHL,2003,0.747179985046387
Philippines,PHL,2004,0.66346001625061
Philippines,PHL,2005,0.650049984455109
Philippines,PHL,2007,0.6429399847984311
Philippines,PHL,2008,0.684400022029877
Philippines,PHL,2009,0.7877600193023678
Poland,POL,1998,1.10602998733521
Poland,POL,2002,2.04764008522034
Poland,POL,2003,2.00718998908997
Poland,POL,2004,1.9600100517272903
Poland,POL,2005,1.99767994880676
Poland,POL,2006,1.9983299970626798
Poland,POL,2007,1.83278000354767
Poland,POL,2008,1.8494299650192298
Poland,POL,2009,1.8549400568008403
Poland,POL,2010,1.7997299432754499
Poland,POL,2011,1.6701699495315598
Poland,POL,2012,1.6342300176620501
Portugal,PRT,1999,2.18863010406494
Portugal,PRT,2000,2.21766996383667
Portugal,PRT,2001,2.26467990875244
Portugal,PRT,2002,2.21604990959167
Portugal,PRT,2003,2.16260004043579
Portugal,PRT,2004,2.07546997070313
Portugal,PRT,2005,2.06651997566223
Portugal,PRT,2006,1.98354995250702
Portugal,PRT,2007,1.94552004337311
Portugal,PRT,2008,1.97924995422363
Portugal,PRT,2009,2.4961199760437003
Portugal,PRT,2010,2.3779900074005096
Portugal,PRT,2011,2.23855996131897
Puerto Rico,PRI,2013,1.5039499998092698
Qatar,QAT,2009,0.5031200051307679
Romania,ROU,2003,1.3731600046157801
Romania,ROU,2004,1.4512799978256201
Romania,ROU,2005,1.53031003475189
Romania,ROU,2007,1.4900499582290603
Romania,ROU,2009,1.48661005496979
Romania,ROU,2010,1.23646998405457
Romania,ROU,2011,1.03427994251251
Romania,ROU,2012,1.05720996856689
Romania,ROU,2013,1.1212899684906001
Rwanda,RWA,2000,0.6831799745559689
Rwanda,RWA,2007,0.848959982395172
Rwanda,RWA,2008,0.945020020008087
Rwanda,RWA,2010,1.51874995231628
Rwanda,RWA,2011,1.77377998828888
Rwanda,RWA,2012,1.73343002796173
Rwanda,RWA,2013,2.09734010696411
Saint Kitts and Nevis,KNA,1998,1.02453005313873
Saint Lucia,LCA,1999,1.8882700204849199
Saint Lucia,LCA,2004,1.37440001964569
Saint Lucia,LCA,2009,1.62805998325348
Saint Lucia,LCA,2010,1.87488996982574
Saint Lucia,LCA,2011,1.9245400428772
Saint Lucia,LCA,2012,1.82904994487762
Saint Lucia,LCA,2013,1.8374700546264602
Saint Lucia,LCA,2014,1.95314002037048
Saint Vincent and the Grenadines,VCT,1998,1.05341005325317
Saint Vincent and the Grenadines,VCT,2000,2.01602005958557
Saint Vincent and the Grenadines,VCT,2005,2.01489996910095
Saint Vincent and the Grenadines,VCT,2007,1.8937300443649299
Saint Vincent and the Grenadines,VCT,2009,2.3376100063323997
Saint Vincent and the Grenadines,VCT,2010,1.8443200588226298
Saint Vincent and the Grenadines,VCT,2011,1.8824900388717698
Saint Vincent and the Grenadines,VCT,2013,2.06802010536194
Saint Vincent and the Grenadines,VCT,2014,2.0778601169586204
Samoa,WSM,1999,1.10895001888275
Samoa,WSM,2000,1.05815994739532
Samoa,WSM,2001,1.14117002487183
San Marino,SMR,2010,0.9125999808311459
San Marino,SMR,2011,0.8524500131607059
Sao Tome and Principe,STP,2012,1.2813400030136102
Sao Tome and Principe,STP,2013,1.5875600576400801
Sao Tome and Principe,STP,2014,0.876500010490417
Saudi Arabia,SAU,2007,1.97520005702972
Senegal,SEN,1998,0.8101699948310849
Senegal,SEN,2005,1.1515300273895301
Senegal,SEN,2006,1.2073800563812298
Senegal,SEN,2008,1.21478998661041
Senegal,SEN,2009,1.69966995716095
Senegal,SEN,2010,1.62141001224518
Serbia,SRB,2007,1.09380996227264
Serbia,SRB,2008,1.1169799566268899
Serbia,SRB,2009,1.1208800077438401
Serbia,SRB,2010,1.06676995754242
Serbia,SRB,2011,1.0395699739456201
Seychelles,SYC,1998,2.4460399150848398
Seychelles,SYC,2002,1.35608005523682
Seychelles,SYC,2003,1.5536700487136799
Seychelles,SYC,2011,0.583019971847534
Sierra Leone,SLE,2007,0.633369982242584
Sierra Leone,SLE,2008,0.602989971637726
Sierra Leone,SLE,2009,0.7875999808311459
Sierra Leone,SLE,2010,0.682269990444183
Sierra Leone,SLE,2011,0.711920022964478
Sierra Leone,SLE,2012,0.7027199864387509
Sierra Leone,SLE,2013,0.536230027675629
Sierra Leone,SLE,2014,0.6455000042915339
Singapore,SGP,2008,0.71152001619339
Singapore,SGP,2009,0.752260029315948
Singapore,SGP,2010,0.7761099934577941
Singapore,SGP,2011,0.732720017433167
Singapore,SGP,2012,0.668969988822937
Singapore,SGP,2013,0.667069971561432
Slovakia,SVK,1999,2.26724004745483
Slovakia,SVK,2000,1.97572994232178
Slovakia,SVK,2001,2.02051997184753
Slovakia,SVK,2002,2.26311993598938
Slovakia,SVK,2003,2.1318600177764897
Slovakia,SVK,2004,2.06990003585815
Slovakia,SVK,2005,1.8472000360488898
Slovakia,SVK,2006,1.7287499904632602
Slovakia,SVK,2007,1.6503299474716202
Slovakia,SVK,2008,1.6157300472259502
Slovakia,SVK,2009,1.89462995529175
Slovakia,SVK,2010,1.9374400377273602
Slovakia,SVK,2011,1.77111995220184
Slovakia,SVK,2012,1.73199999332428
Slovakia,SVK,2013,1.75367999076843
Slovenia,SVN,2001,2.8326199054718
Slovenia,SVN,2002,2.66267991065979
Slovenia,SVN,2003,2.65182995796204
Slovenia,SVN,2010,2.06270003318787
Slovenia,SVN,2011,2.02332997322083
South Africa,ZAF,1999,1.97906994819641
South Africa,ZAF,2000,1.7053099870681798
South Africa,ZAF,2001,1.6054999828338603
South Africa,ZAF,2002,1.583860039711
South Africa,ZAF,2003,1.71625995635986
South Africa,ZAF,2004,1.8060699701309197
South Africa,ZAF,2005,1.6494300365448
South Africa,ZAF,2006,1.5773099660873402
South Africa,ZAF,2007,1.6754900217056299
South Africa,ZAF,2008,1.5140999555587802
South Africa,ZAF,2009,1.62073004245758
South Africa,ZAF,2010,1.79945003986359
South Africa,ZAF,2011,1.9627399444580098
South Africa,ZAF,2012,1.9269900321960403
South Africa,ZAF,2014,1.86048996448517
South Korea,KOR,1998,1.29412996768951
South Korea,KOR,1999,1.2849600315093999
South Korea,KOR,2001,1.52708995342255
South Korea,KOR,2002,1.6461999416351298
South Korea,KOR,2003,1.71133005619049
South Korea,KOR,2004,1.70726001262665
South Korea,KOR,2005,1.61942994594574
South Korea,KOR,2006,1.66787004470825
South Korea,KOR,2007,1.67412996292114
South Korea,KOR,2008,1.75743997097015
South Korea,KOR,2009,1.7848000526428203
South Korea,KOR,2012,1.7492599487304699
South Korea,KOR,2013,1.76771998405457
South Sudan,SSD,2011,0.0950900018215179
Spain,ESP,1998,2.01188993453979
Spain,ESP,1999,1.96542000770569
Spain,ESP,2000,1.82693004608154
Spain,ESP,2001,1.7227499485015902
Spain,ESP,2002,1.7119499444961501
Spain,ESP,2003,1.67748999595642
Spain,ESP,2004,1.64851999282837
Spain,ESP,2005,1.6293300390243501
Spain,ESP,2006,1.63385999202728
Spain,ESP,2007,1.61408996582031
Spain,ESP,2008,1.69502997398376
Spain,ESP,2009,1.8254699707031297
Spain,ESP,2010,1.7817200422286998
Spain,ESP,2011,1.79919004440308
Spain,ESP,2013,1.58876001834869
Sri Lanka,LKA,2001,0.0089100003242492
Sri Lanka,LKA,2009,0.990719974040985
Sri Lanka,LKA,2010,0.914250016212463
Sri Lanka,LKA,2011,0.9305700063705441
Sri Lanka,LKA,2012,0.7597500085830692
Sri Lanka,LKA,2013,0.795719981193542
Sweden,SWE,1998,2.8441200256347696
Sweden,SWE,1999,2.66068005561829
Sweden,SWE,2000,2.57364010810852
Sweden,SWE,2001,2.5228700637817405
Sweden,SWE,2002,2.55187010765076
Sweden,SWE,2003,2.4974501132965097
Sweden,SWE,2004,2.50460004806519
Sweden,SWE,2005,2.5067200660705597
Sweden,SWE,2006,2.4746699333190896
Sweden,SWE,2007,2.41458010673523
Sweden,SWE,2008,2.42020988464355
Sweden,SWE,2009,2.52256989479065
Sweden,SWE,2010,2.3565900325775098
Sweden,SWE,2011,2.29928994178772
Sweden,SWE,2012,2.20678997039795
Sweden,SWE,2013,2.1527299880981396
Switzerland,CHE,1998,1.97373998165131
Switzerland,CHE,1999,1.92774999141693
Switzerland,CHE,2000,1.8885600566863998
Switzerland,CHE,2001,1.9366600513458299
Switzerland,CHE,2002,2.03306007385254
Switzerland,CHE,2003,2.01923990249634
Switzerland,CHE,2004,1.94553995132446
Switzerland,CHE,2005,1.9656699895858798
Switzerland,CHE,2006,1.86829996109009
Switzerland,CHE,2007,1.7987999916076698
Switzerland,CHE,2008,2.22000002861023
Switzerland,CHE,2009,2.0974099636077903
Switzerland,CHE,2010,2.04196000099182
Switzerland,CHE,2011,1.98910999298096
Switzerland,CHE,2012,1.9769500494003303
Syria,SYR,1998,1.1874099969863898
Syria,SYR,1999,1.38687002658844
Syria,SYR,2000,1.5222699642181399
Syria,SYR,2002,1.68641996383667
Syria,SYR,2007,1.7467999458313
Syria,SYR,2009,1.89324998855591
Syria,SYR,2012,2.2178499698638903
Tanzania,TZA,2004,0.415239989757538
Tanzania,TZA,2005,0.5925499796867371
Tanzania,TZA,2006,0.472799986600876
Tanzania,TZA,2007,0.697510004043579
Tanzania,TZA,2008,0.7240300178527829
Tanzania,TZA,2009,0.6736999750137329
Tanzania,TZA,2010,0.52345997095108
Tanzania,TZA,2014,0.6359999775886539
Thailand,THA,1998,1.2522200345993
Thailand,THA,2000,1.14979994297028
Thailand,THA,2001,0.989180028438568
Thailand,THA,2004,0.966929972171783
Thailand,THA,2008,0.5003299713134771
Thailand,THA,2009,0.602660000324249
Thailand,THA,2010,1.00435996055603
Thailand,THA,2011,1.03150999546051
Thailand,THA,2012,1.2990499734878502
Thailand,THA,2013,1.23006999492645
Timor,TLS,2011,0.6957799792289731
Timor,TLS,2012,1.28503000736237
Timor,TLS,2013,1.80928003787994
Timor,TLS,2014,2.28896999359131
Togo,TGO,1998,1.1433299779891999
Togo,TGO,1999,1.3820799589157098
Togo,TGO,2000,1.3215800523757901
Togo,TGO,2007,1.23035001754761
Togo,TGO,2008,1.23395001888275
Togo,TGO,2009,1.45493996143341
Togo,TGO,2010,1.13141000270844
Togo,TGO,2011,1.3005399703979499
Togo,TGO,2012,0.66948002576828
Togo,TGO,2013,0.698019981384277
Togo,TGO,2014,0.8464800119400021
Tonga,TON,1998,1.2908500432968102
Tonga,TON,2002,1.09475994110107
Tonga,TON,2003,1.2906099557876598
Tonga,TON,2004,1.1750099658966102
Trinidad and Tobago,TTO,2000,0.9496700167655941
Trinidad and Tobago,TTO,2001,1.05366003513336
Trinidad and Tobago,TTO,2002,1.4900000095367398
Trinidad and Tobago,TTO,2003,1.15524005889893
Trinidad and Tobago,TTO,2007,0.70906001329422
Trinidad and Tobago,TTO,2008,1.1206699609756499
Trinidad and Tobago,TTO,2009,1.6203099489212
Tunisia,TUN,1999,2.7539200782775897
Tunisia,TUN,2000,2.79278993606567
Tunisia,TUN,2001,2.77856993675232
Tunisia,TUN,2002,2.56827998161316
Tunisia,TUN,2003,2.76800990104675
Tunisia,TUN,2004,2.56203007698059
Tunisia,TUN,2005,2.68279004096985
Tunisia,TUN,2008,2.96931004524231
Turks and Caicos Islands,TCA,2015,1.35422003269196
Uganda,UGA,2004,0.8574000000953671
Uganda,UGA,2009,0.764389991760254
Uganda,UGA,2010,0.545329988002777
Uganda,UGA,2011,0.66430002450943
Uganda,UGA,2012,0.693560004234314
Uganda,UGA,2013,0.6425999999046329
Ukraine,UKR,2011,1.76072001457214
Ukraine,UKR,2012,1.9257099628448502
Ukraine,UKR,2013,1.87645995616913
United Arab Emirates,ARE,1998,0.552009999752045
United Arab Emirates,ARE,2011,0.684800028800964
United Arab Emirates,ARE,2012,0.711700022220612
United Kingdom,GBR,1998,2.09187006950378
United Kingdom,GBR,1999,2.0042200088501
United Kingdom,GBR,2000,2.11135005950928
United Kingdom,GBR,2001,2.12387990951538
United Kingdom,GBR,2002,2.3356599807739302
United Kingdom,GBR,2003,2.46326994895935
United Kingdom,GBR,2004,2.3974800109863303
United Kingdom,GBR,2005,2.35794997215271
United Kingdom,GBR,2006,2.2662398815155
United Kingdom,GBR,2007,2.32466006278992
United Kingdom,GBR,2008,2.40343999862671
United Kingdom,GBR,2009,2.59721994400024
United Kingdom,GBR,2010,2.87037992477417
United Kingdom,GBR,2011,2.39531993865967
United Kingdom,GBR,2013,2.28238010406494
United States,USA,1998,1.73608994483948
United States,USA,1999,1.72523999214172
United States,USA,2000,1.7501300573349
United States,USA,2001,1.88098001480103
United States,USA,2002,1.90707004070282
United States,USA,2003,2.03250002861023
United States,USA,2004,1.9464800357818601
United States,USA,2005,1.8284300565719598
United States,USA,2006,1.92949998378754
United States,USA,2007,1.92969000339508
United States,USA,2008,1.9625600576400801
United States,USA,2009,1.9735000133514398
United States,USA,2010,1.91955995559692
United States,USA,2011,1.8739000558853103
United States,USA,2012,1.7654800415039098
Uruguay,URY,1999,0.897000014781952
Uruguay,URY,2000,0.9154000282287601
Uruguay,URY,2001,0.9102600216865541
Uruguay,URY,2002,0.79951000213623
Uruguay,URY,2003,0.671509981155396
Uruguay,URY,2004,0.8625400066375729
Uruguay,URY,2005,0.963649988174438
Uruguay,URY,2006,1.0364600419998198
Uruguay,URY,2011,1.44485998153687
Vanuatu,VUT,1998,3.7738499641418497
Vanuatu,VUT,1999,3.55427002906799
Vanuatu,VUT,2000,3.46301007270813
Vanuatu,VUT,2001,5.13753986358643
Vanuatu,VUT,2008,1.90342998504639
Vanuatu,VUT,2009,1.48846995830536
Vanuatu,VUT,2014,1.59818994998932
Venezuela,VEN,2006,0.646619975566864
Venezuela,VEN,2007,0.635339975357056
Venezuela,VEN,2009,1.30860996246338
Vietnam,VNM,2008,1.7481499910354599
Vietnam,VNM,2010,2.3963899612426802
Vietnam,VNM,2012,2.72829008102417
Yemen,YEM,2011,0.8551200032234191
Zambia,ZMB,2000,0.46114000678062395
Zambia,ZMB,2004,0.327679991722107
Zambia,ZMB,2005,0.251459985971451
Zimbabwe,ZWE,2010,0.505270004272461